read_id	nh
ILLUMINA-075005_0053_FC:3:1:3920:1058#0	1
ILLUMINA-075005_0053_FC:3:1:6129:1058#0	1
ILLUMINA-075005_0053_FC:3:1:6263:1058#0	1
ILLUMINA-075005_0053_FC:3:1:7383:1059#0	1
ILLUMINA-075005_0053_FC:3:1:8419:1059#0	1
ILLUMINA-075005_0053_FC:3:1:8800:1058#0	1
ILLUMINA-075005_0053_FC:3:1:8862:1058#0	1
ILLUMINA-075005_0053_FC:3:1:11306:1058#0	1
ILLUMINA-075005_0053_FC:3:1:11347:1058#0	1
ILLUMINA-075005_0053_FC:3:1:1727:1067#0	1
ILLUMINA-075005_0053_FC:3:1:1993:1067#0	1
ILLUMINA-075005_0053_FC:3:1:2462:1066#0	1
ILLUMINA-075005_0053_FC:3:1:2685:1060#0	1
ILLUMINA-075005_0053_FC:3:1:2720:1061#0	1
ILLUMINA-075005_0053_FC:3:1:3174:1068#0	1
ILLUMINA-075005_0053_FC:3:1:3441:1068#0	1
ILLUMINA-075005_0053_FC:3:1:3513:1062#0	1
ILLUMINA-075005_0053_FC:3:1:3542:1068#0	1
ILLUMINA-075005_0053_FC:3:1:3659:1062#0	1
ILLUMINA-075005_0053_FC:3:1:3695:1062#0	1
ILLUMINA-075005_0053_FC:3:1:3783:1069#0	1
ILLUMINA-075005_0053_FC:3:1:3966:1066#0	1
ILLUMINA-075005_0053_FC:3:1:4158:1063#0	1
ILLUMINA-075005_0053_FC:3:1:4647:1062#0	1
ILLUMINA-075005_0053_FC:3:1:4696:1061#0	1
ILLUMINA-075005_0053_FC:3:1:5223:1064#0	1
ILLUMINA-075005_0053_FC:3:1:5757:1063#0	1
ILLUMINA-075005_0053_FC:3:1:5954:1063#0	1
ILLUMINA-075005_0053_FC:3:1:6731:1063#0	1
ILLUMINA-075005_0053_FC:3:1:6765:1062#0	1
ILLUMINA-075005_0053_FC:3:1:7137:1070#0	1
ILLUMINA-075005_0053_FC:3:1:7242:1070#0	1
ILLUMINA-075005_0053_FC:3:1:7857:1060#0	1
ILLUMINA-075005_0053_FC:3:1:8921:1070#0	1
ILLUMINA-075005_0053_FC:3:1:9314:1067#0	1
ILLUMINA-075005_0053_FC:3:1:9468:1059#0	1
ILLUMINA-075005_0053_FC:3:1:9491:1064#0	1
ILLUMINA-075005_0053_FC:3:1:9517:1059#0	1
ILLUMINA-075005_0053_FC:3:1:10080:1061#0	1
ILLUMINA-075005_0053_FC:3:1:10460:1066#0	1
ILLUMINA-075005_0053_FC:3:1:10807:1068#0	1
ILLUMINA-075005_0053_FC:3:1:11563:1067#0	1
ILLUMINA-075005_0053_FC:3:1:11873:1062#0	1
ILLUMINA-075005_0053_FC:3:1:12472:1059#0	1
ILLUMINA-075005_0053_FC:3:1:12624:1062#0	1
ILLUMINA-075005_0053_FC:3:1:12971:1069#0	1
ILLUMINA-075005_0053_FC:3:1:13269:1068#0	1
ILLUMINA-075005_0053_FC:3:1:14146:1064#0	1
ILLUMINA-075005_0053_FC:3:1:15199:1059#0	1
ILLUMINA-075005_0053_FC:3:1:16382:1061#0	1
ILLUMINA-075005_0053_FC:3:1:16841:1060#0	1
ILLUMINA-075005_0053_FC:3:1:16883:1069#0	1
ILLUMINA-075005_0053_FC:3:1:16958:1061#0	1
ILLUMINA-075005_0053_FC:3:1:17219:1070#0	1
ILLUMINA-075005_0053_FC:3:1:17273:1059#0	1
ILLUMINA-075005_0053_FC:3:1:17829:1059#0	1
ILLUMINA-075005_0053_FC:3:1:17924:1065#0	1
ILLUMINA-075005_0053_FC:3:1:17955:1064#0	1
ILLUMINA-075005_0053_FC:3:1:18313:1060#0	1
ILLUMINA-075005_0053_FC:3:1:18623:1066#0	1
ILLUMINA-075005_0053_FC:3:1:18955:1067#0	1
ILLUMINA-075005_0053_FC:3:1:19343:1060#0	1
ILLUMINA-075005_0053_FC:3:1:19458:1069#0	1
ILLUMINA-075005_0053_FC:3:1:19572:1066#0	1
ILLUMINA-075005_0053_FC:3:1:19606:1061#0	1
ILLUMINA-075005_0053_FC:3:1:1340:1071#0	1
ILLUMINA-075005_0053_FC:3:1:2272:1072#0	1
ILLUMINA-075005_0053_FC:3:1:2505:1076#0	1
ILLUMINA-075005_0053_FC:3:1:2894:1076#0	1
ILLUMINA-075005_0053_FC:3:1:3124:1073#0	1
ILLUMINA-075005_0053_FC:3:1:3679:1079#0	1
ILLUMINA-075005_0053_FC:3:1:4021:1080#0	1
ILLUMINA-075005_0053_FC:3:1:5009:1080#0	1
ILLUMINA-075005_0053_FC:3:1:5050:1082#0	1
ILLUMINA-075005_0053_FC:3:1:5106:1078#0	1
ILLUMINA-075005_0053_FC:3:1:5205:1071#0	1
ILLUMINA-075005_0053_FC:3:1:5567:1078#0	1
ILLUMINA-075005_0053_FC:3:1:5636:1080#0	1
ILLUMINA-075005_0053_FC:3:1:6330:1071#0	1
ILLUMINA-075005_0053_FC:3:1:6432:1079#0	1
ILLUMINA-075005_0053_FC:3:1:6487:1081#0	1
ILLUMINA-075005_0053_FC:3:1:6505:1072#0	1
ILLUMINA-075005_0053_FC:3:1:7344:1075#0	1
ILLUMINA-075005_0053_FC:3:1:7500:1079#0	2
ILLUMINA-075005_0053_FC:3:1:7528:1082#0	1
ILLUMINA-075005_0053_FC:3:1:7631:1076#0	1
ILLUMINA-075005_0053_FC:3:1:8505:1073#0	1
ILLUMINA-075005_0053_FC:3:1:8967:1079#0	1
ILLUMINA-075005_0053_FC:3:1:9018:1071#0	1
ILLUMINA-075005_0053_FC:3:1:9891:1072#0	1
ILLUMINA-075005_0053_FC:3:1:9949:1074#0	2
ILLUMINA-075005_0053_FC:3:1:10048:1078#0	1
ILLUMINA-075005_0053_FC:3:1:10142:1075#0	1
ILLUMINA-075005_0053_FC:3:1:10190:1077#0	1
ILLUMINA-075005_0053_FC:3:1:10560:1079#0	1
ILLUMINA-075005_0053_FC:3:1:10593:1078#0	1
ILLUMINA-075005_0053_FC:3:1:10859:1080#0	1
ILLUMINA-075005_0053_FC:3:1:10881:1079#0	1
ILLUMINA-075005_0053_FC:3:1:11201:1080#0	1
ILLUMINA-075005_0053_FC:3:1:11491:1080#0	5
ILLUMINA-075005_0053_FC:3:1:11782:1074#0	1
ILLUMINA-075005_0053_FC:3:1:12221:1076#0	1
ILLUMINA-075005_0053_FC:3:1:12315:1080#0	1
ILLUMINA-075005_0053_FC:3:1:12404:1075#0	1
ILLUMINA-075005_0053_FC:3:1:13599:1075#0	1
ILLUMINA-075005_0053_FC:3:1:13702:1076#0	1
ILLUMINA-075005_0053_FC:3:1:13990:1075#0	2
ILLUMINA-075005_0053_FC:3:1:14163:1075#0	1
ILLUMINA-075005_0053_FC:3:1:14506:1073#0	1
ILLUMINA-075005_0053_FC:3:1:14529:1078#0	1
ILLUMINA-075005_0053_FC:3:1:14875:1076#0	1
ILLUMINA-075005_0053_FC:3:1:14978:1079#0	1
ILLUMINA-075005_0053_FC:3:1:15040:1082#0	1
ILLUMINA-075005_0053_FC:3:1:15115:1073#0	1
ILLUMINA-075005_0053_FC:3:1:15168:1078#0	1
ILLUMINA-075005_0053_FC:3:1:15924:1076#0	1
ILLUMINA-075005_0053_FC:3:1:16397:1075#0	1
ILLUMINA-075005_0053_FC:3:1:16425:1082#0	1
ILLUMINA-075005_0053_FC:3:1:16455:1072#0	1
ILLUMINA-075005_0053_FC:3:1:16527:1076#0	1
ILLUMINA-075005_0053_FC:3:1:16670:1074#0	1
ILLUMINA-075005_0053_FC:3:1:16713:1074#0	1
ILLUMINA-075005_0053_FC:3:1:17716:1074#0	1
ILLUMINA-075005_0053_FC:3:1:18094:1076#0	1
ILLUMINA-075005_0053_FC:3:1:18500:1073#0	1
ILLUMINA-075005_0053_FC:3:1:18600:1074#0	1
ILLUMINA-075005_0053_FC:3:1:19297:1079#0	1
ILLUMINA-075005_0053_FC:3:1:1349:1093#0	1
ILLUMINA-075005_0053_FC:3:1:1808:1091#0	1
ILLUMINA-075005_0053_FC:3:1:2229:1084#0	1
ILLUMINA-075005_0053_FC:3:1:2259:1092#0	7
ILLUMINA-075005_0053_FC:3:1:2311:1090#0	1
ILLUMINA-075005_0053_FC:3:1:2420:1084#0	1
ILLUMINA-075005_0053_FC:3:1:2461:1087#0	1
ILLUMINA-075005_0053_FC:3:1:2612:1088#0	1
ILLUMINA-075005_0053_FC:3:1:3345:1087#0	1
ILLUMINA-075005_0053_FC:3:1:3505:1090#0	1
ILLUMINA-075005_0053_FC:3:1:3764:1087#0	1
ILLUMINA-075005_0053_FC:3:1:4124:1087#0	1
ILLUMINA-075005_0053_FC:3:1:4433:1091#0	1
ILLUMINA-075005_0053_FC:3:1:4893:1087#0	1
ILLUMINA-075005_0053_FC:3:1:5150:1090#0	1
ILLUMINA-075005_0053_FC:3:1:6584:1088#0	1
ILLUMINA-075005_0053_FC:3:1:7386:1084#0	1
ILLUMINA-075005_0053_FC:3:1:7561:1094#0	1
ILLUMINA-075005_0053_FC:3:1:8545:1084#0	1
ILLUMINA-075005_0053_FC:3:1:8707:1084#0	1
ILLUMINA-075005_0053_FC:3:1:8837:1088#0	1
ILLUMINA-075005_0053_FC:3:1:9607:1090#0	1
ILLUMINA-075005_0053_FC:3:1:10464:1088#0	1
ILLUMINA-075005_0053_FC:3:1:10651:1094#0	1
ILLUMINA-075005_0053_FC:3:1:10977:1093#0	1
ILLUMINA-075005_0053_FC:3:1:10996:1084#0	1
ILLUMINA-075005_0053_FC:3:1:11162:1085#0	1
ILLUMINA-075005_0053_FC:3:1:11316:1091#0	1
ILLUMINA-075005_0053_FC:3:1:11356:1088#0	1
ILLUMINA-075005_0053_FC:3:1:11723:1083#0	1
ILLUMINA-075005_0053_FC:3:1:11743:1083#0	1
ILLUMINA-075005_0053_FC:3:1:11849:1088#0	1
ILLUMINA-075005_0053_FC:3:1:11870:1083#0	1
ILLUMINA-075005_0053_FC:3:1:11897:1094#0	1
ILLUMINA-075005_0053_FC:3:1:12157:1084#0	1
ILLUMINA-075005_0053_FC:3:1:12622:1088#0	1
ILLUMINA-075005_0053_FC:3:1:12657:1085#0	1
ILLUMINA-075005_0053_FC:3:1:13123:1091#0	1
ILLUMINA-075005_0053_FC:3:1:13208:1083#0	1
ILLUMINA-075005_0053_FC:3:1:13743:1093#0	1
ILLUMINA-075005_0053_FC:3:1:14111:1093#0	1
ILLUMINA-075005_0053_FC:3:1:14759:1087#0	1
ILLUMINA-075005_0053_FC:3:1:15564:1083#0	1
ILLUMINA-075005_0053_FC:3:1:16047:1093#0	1
ILLUMINA-075005_0053_FC:3:1:16125:1086#0	1
ILLUMINA-075005_0053_FC:3:1:16272:1088#0	1
ILLUMINA-075005_0053_FC:3:1:16741:1085#0	1
ILLUMINA-075005_0053_FC:3:1:16866:1085#0	1
ILLUMINA-075005_0053_FC:3:1:17263:1083#0	1
ILLUMINA-075005_0053_FC:3:1:17492:1083#0	1
ILLUMINA-075005_0053_FC:3:1:18375:1084#0	1
ILLUMINA-075005_0053_FC:3:1:18691:1091#0	1
ILLUMINA-075005_0053_FC:3:1:18794:1091#0	1
ILLUMINA-075005_0053_FC:3:1:18876:1082#0	1
ILLUMINA-075005_0053_FC:3:1:19126:1092#0	1
ILLUMINA-075005_0053_FC:3:1:19649:1085#0	1
ILLUMINA-075005_0053_FC:3:1:19725:1091#0	1
ILLUMINA-075005_0053_FC:3:1:2037:1100#0	1
ILLUMINA-075005_0053_FC:3:1:3621:1099#0	1
ILLUMINA-075005_0053_FC:3:1:3887:1103#0	1
ILLUMINA-075005_0053_FC:3:1:4256:1098#0	1
ILLUMINA-075005_0053_FC:3:1:4305:1102#0	1
ILLUMINA-075005_0053_FC:3:1:4466:1095#0	1
ILLUMINA-075005_0053_FC:3:1:4494:1105#0	1
ILLUMINA-075005_0053_FC:3:1:4665:1096#0	1
ILLUMINA-075005_0053_FC:3:1:4846:1105#0	1
ILLUMINA-075005_0053_FC:3:1:5008:1098#0	1
ILLUMINA-075005_0053_FC:3:1:5085:1104#0	1
ILLUMINA-075005_0053_FC:3:1:5235:1097#0	1
ILLUMINA-075005_0053_FC:3:1:5301:1099#0	1
ILLUMINA-075005_0053_FC:3:1:5406:1105#0	1
ILLUMINA-075005_0053_FC:3:1:5613:1096#0	1
ILLUMINA-075005_0053_FC:3:1:5822:1095#0	1
ILLUMINA-075005_0053_FC:3:1:6113:1098#0	1
ILLUMINA-075005_0053_FC:3:1:6160:1097#0	1
ILLUMINA-075005_0053_FC:3:1:6224:1102#0	1
ILLUMINA-075005_0053_FC:3:1:6602:1104#0	1
ILLUMINA-075005_0053_FC:3:1:6869:1102#0	1
ILLUMINA-075005_0053_FC:3:1:6985:1098#0	1
ILLUMINA-075005_0053_FC:3:1:7207:1104#0	1
ILLUMINA-075005_0053_FC:3:1:7429:1100#0	1
ILLUMINA-075005_0053_FC:3:1:7948:1104#0	1
ILLUMINA-075005_0053_FC:3:1:8293:1098#0	1
ILLUMINA-075005_0053_FC:3:1:9285:1097#0	1
ILLUMINA-075005_0053_FC:3:1:9826:1097#0	1
ILLUMINA-075005_0053_FC:3:1:9924:1104#0	1
ILLUMINA-075005_0053_FC:3:1:10841:1101#0	1
ILLUMINA-075005_0053_FC:3:1:11555:1095#0	1
ILLUMINA-075005_0053_FC:3:1:11864:1103#0	1
ILLUMINA-075005_0053_FC:3:1:12018:1095#0	1
ILLUMINA-075005_0053_FC:3:1:12212:1097#0	1
ILLUMINA-075005_0053_FC:3:1:12362:1095#0	1
ILLUMINA-075005_0053_FC:3:1:12675:1100#0	1
ILLUMINA-075005_0053_FC:3:1:12707:1102#0	1
ILLUMINA-075005_0053_FC:3:1:13245:1104#0	1
ILLUMINA-075005_0053_FC:3:1:13298:1097#0	1
ILLUMINA-075005_0053_FC:3:1:14150:1106#0	1
ILLUMINA-075005_0053_FC:3:1:15208:1101#0	1
ILLUMINA-075005_0053_FC:3:1:15425:1098#0	1
ILLUMINA-075005_0053_FC:3:1:15490:1097#0	1
ILLUMINA-075005_0053_FC:3:1:15619:1101#0	1
ILLUMINA-075005_0053_FC:3:1:16202:1099#0	1
ILLUMINA-075005_0053_FC:3:1:16293:1101#0	1
ILLUMINA-075005_0053_FC:3:1:16333:1094#0	1
ILLUMINA-075005_0053_FC:3:1:16481:1103#0	1
ILLUMINA-075005_0053_FC:3:1:16819:1095#0	1
ILLUMINA-075005_0053_FC:3:1:17073:1096#0	1
ILLUMINA-075005_0053_FC:3:1:17292:1105#0	1
ILLUMINA-075005_0053_FC:3:1:17404:1099#0	1
ILLUMINA-075005_0053_FC:3:1:17508:1098#0	1
ILLUMINA-075005_0053_FC:3:1:17644:1105#0	1
ILLUMINA-075005_0053_FC:3:1:17882:1101#0	1
ILLUMINA-075005_0053_FC:3:1:18088:1101#0	1
ILLUMINA-075005_0053_FC:3:1:18603:1097#0	1
ILLUMINA-075005_0053_FC:3:1:18628:1100#0	1
ILLUMINA-075005_0053_FC:3:1:19256:1104#0	1
ILLUMINA-075005_0053_FC:3:1:19340:1095#0	1
ILLUMINA-075005_0053_FC:3:1:1126:1117#0	1
ILLUMINA-075005_0053_FC:3:1:1782:1114#0	1
ILLUMINA-075005_0053_FC:3:1:2557:1116#0	1
ILLUMINA-075005_0053_FC:3:1:2763:1116#0	1
ILLUMINA-075005_0053_FC:3:1:2837:1115#0	1
ILLUMINA-075005_0053_FC:3:1:2857:1116#0	1
ILLUMINA-075005_0053_FC:3:1:2955:1108#0	1
ILLUMINA-075005_0053_FC:3:1:3184:1116#0	1
ILLUMINA-075005_0053_FC:3:1:3277:1115#0	1
ILLUMINA-075005_0053_FC:3:1:3963:1107#0	1
ILLUMINA-075005_0053_FC:3:1:3981:1113#0	1
ILLUMINA-075005_0053_FC:3:1:4159:1106#0	1
ILLUMINA-075005_0053_FC:3:1:4241:1111#0	1
ILLUMINA-075005_0053_FC:3:1:4626:1113#0	1
ILLUMINA-075005_0053_FC:3:1:4650:1114#0	1
ILLUMINA-075005_0053_FC:3:1:4757:1118#0	1
ILLUMINA-075005_0053_FC:3:1:4879:1113#0	1
ILLUMINA-075005_0053_FC:3:1:4961:1108#0	1
ILLUMINA-075005_0053_FC:3:1:5501:1109#0	1
ILLUMINA-075005_0053_FC:3:1:5630:1110#0	1
ILLUMINA-075005_0053_FC:3:1:6186:1110#0	1
ILLUMINA-075005_0053_FC:3:1:6204:1110#0	1
ILLUMINA-075005_0053_FC:3:1:6396:1117#0	1
ILLUMINA-075005_0053_FC:3:1:6832:1107#0	1
ILLUMINA-075005_0053_FC:3:1:6892:1114#0	1
ILLUMINA-075005_0053_FC:3:1:7001:1109#0	1
ILLUMINA-075005_0053_FC:3:1:7083:1110#0	1
ILLUMINA-075005_0053_FC:3:1:7791:1115#0	1
ILLUMINA-075005_0053_FC:3:1:8133:1106#0	1
ILLUMINA-075005_0053_FC:3:1:8335:1107#0	1
ILLUMINA-075005_0053_FC:3:1:8385:1113#0	1
ILLUMINA-075005_0053_FC:3:1:8876:1112#0	1
ILLUMINA-075005_0053_FC:3:1:9001:1107#0	1
ILLUMINA-075005_0053_FC:3:1:9075:1106#0	1
ILLUMINA-075005_0053_FC:3:1:9297:1115#0	1
ILLUMINA-075005_0053_FC:3:1:9854:1107#0	1
ILLUMINA-075005_0053_FC:3:1:10152:1117#0	1
ILLUMINA-075005_0053_FC:3:1:10227:1117#0	1
ILLUMINA-075005_0053_FC:3:1:10273:1118#0	1
ILLUMINA-075005_0053_FC:3:1:10344:1106#0	1
ILLUMINA-075005_0053_FC:3:1:10384:1110#0	1
ILLUMINA-075005_0053_FC:3:1:10444:1107#0	1
ILLUMINA-075005_0053_FC:3:1:10736:1112#0	1
ILLUMINA-075005_0053_FC:3:1:11156:1110#0	1
ILLUMINA-075005_0053_FC:3:1:11228:1110#0	1
ILLUMINA-075005_0053_FC:3:1:11360:1115#0	1
ILLUMINA-075005_0053_FC:3:1:11453:1116#0	1
ILLUMINA-075005_0053_FC:3:1:11627:1112#0	1
ILLUMINA-075005_0053_FC:3:1:11814:1112#0	1
ILLUMINA-075005_0053_FC:3:1:12661:1113#0	1
ILLUMINA-075005_0053_FC:3:1:13073:1116#0	1
ILLUMINA-075005_0053_FC:3:1:13341:1109#0	1
ILLUMINA-075005_0053_FC:3:1:13502:1117#0	5
ILLUMINA-075005_0053_FC:3:1:13703:1116#0	1
ILLUMINA-075005_0053_FC:3:1:13939:1115#0	1
ILLUMINA-075005_0053_FC:3:1:13962:1108#0	1
ILLUMINA-075005_0053_FC:3:1:14912:1106#0	1
ILLUMINA-075005_0053_FC:3:1:15046:1109#0	1
ILLUMINA-075005_0053_FC:3:1:15075:1112#0	1
ILLUMINA-075005_0053_FC:3:1:15129:1113#0	1
ILLUMINA-075005_0053_FC:3:1:15858:1110#0	1
ILLUMINA-075005_0053_FC:3:1:16916:1109#0	1
ILLUMINA-075005_0053_FC:3:1:17062:1109#0	1
ILLUMINA-075005_0053_FC:3:1:17348:1111#0	1
ILLUMINA-075005_0053_FC:3:1:18484:1117#0	1
ILLUMINA-075005_0053_FC:3:1:18707:1115#0	1
ILLUMINA-075005_0053_FC:3:1:18862:1106#0	1
ILLUMINA-075005_0053_FC:3:1:19674:1110#0	1
ILLUMINA-075005_0053_FC:3:1:1859:1126#0	1
ILLUMINA-075005_0053_FC:3:1:2394:1128#0	1
ILLUMINA-075005_0053_FC:3:1:2817:1128#0	1
ILLUMINA-075005_0053_FC:3:1:3232:1121#0	1
ILLUMINA-075005_0053_FC:3:1:3669:1128#0	1
ILLUMINA-075005_0053_FC:3:1:3687:1128#0	1
ILLUMINA-075005_0053_FC:3:1:4196:1126#0	1
ILLUMINA-075005_0053_FC:3:1:4347:1121#0	1
ILLUMINA-075005_0053_FC:3:1:4473:1128#0	1
ILLUMINA-075005_0053_FC:3:1:4505:1126#0	1
ILLUMINA-075005_0053_FC:3:1:4860:1125#0	1
ILLUMINA-075005_0053_FC:3:1:5188:1127#0	1
ILLUMINA-075005_0053_FC:3:1:6006:1128#0	1
ILLUMINA-075005_0053_FC:3:1:6101:1123#0	1
ILLUMINA-075005_0053_FC:3:1:6230:1126#0	1
ILLUMINA-075005_0053_FC:3:1:6253:1129#0	1
ILLUMINA-075005_0053_FC:3:1:6317:1122#0	1
ILLUMINA-075005_0053_FC:3:1:6488:1124#0	1
ILLUMINA-075005_0053_FC:3:1:7321:1120#0	1
ILLUMINA-075005_0053_FC:3:1:7549:1119#0	1
ILLUMINA-075005_0053_FC:3:1:7588:1120#0	1
ILLUMINA-075005_0053_FC:3:1:7756:1127#0	1
ILLUMINA-075005_0053_FC:3:1:8153:1120#0	1
ILLUMINA-075005_0053_FC:3:1:8184:1119#0	1
ILLUMINA-075005_0053_FC:3:1:8981:1126#0	1
ILLUMINA-075005_0053_FC:3:1:9848:1125#0	1
ILLUMINA-075005_0053_FC:3:1:10329:1129#0	1
ILLUMINA-075005_0053_FC:3:1:10354:1121#0	1
ILLUMINA-075005_0053_FC:3:1:10688:1127#0	1
ILLUMINA-075005_0053_FC:3:1:10774:1120#0	1
ILLUMINA-075005_0053_FC:3:1:10936:1120#0	1
ILLUMINA-075005_0053_FC:3:1:11003:1118#0	1
ILLUMINA-075005_0053_FC:3:1:11424:1118#0	1
ILLUMINA-075005_0053_FC:3:1:11648:1129#0	1
ILLUMINA-075005_0053_FC:3:1:11668:1125#0	1
ILLUMINA-075005_0053_FC:3:1:11769:1127#0	1
ILLUMINA-075005_0053_FC:3:1:11870:1124#0	2
ILLUMINA-075005_0053_FC:3:1:11916:1123#0	1
ILLUMINA-075005_0053_FC:3:1:12285:1122#0	1
ILLUMINA-075005_0053_FC:3:1:12345:1122#0	1
ILLUMINA-075005_0053_FC:3:1:12466:1119#0	1
ILLUMINA-075005_0053_FC:3:1:12629:1123#0	1
ILLUMINA-075005_0053_FC:3:1:13214:1122#0	1
ILLUMINA-075005_0053_FC:3:1:13235:1119#0	1
ILLUMINA-075005_0053_FC:3:1:14057:1118#0	1
ILLUMINA-075005_0053_FC:3:1:14322:1124#0	1
ILLUMINA-075005_0053_FC:3:1:14354:1118#0	1
ILLUMINA-075005_0053_FC:3:1:14548:1127#0	1
ILLUMINA-075005_0053_FC:3:1:14617:1118#0	1
ILLUMINA-075005_0053_FC:3:1:15021:1121#0	1
ILLUMINA-075005_0053_FC:3:1:15395:1124#0	1
ILLUMINA-075005_0053_FC:3:1:15811:1122#0	1
ILLUMINA-075005_0053_FC:3:1:16232:1124#0	1
ILLUMINA-075005_0053_FC:3:1:16270:1129#0	1
ILLUMINA-075005_0053_FC:3:1:16351:1121#0	1
ILLUMINA-075005_0053_FC:3:1:16388:1128#0	1
ILLUMINA-075005_0053_FC:3:1:16471:1127#0	1
ILLUMINA-075005_0053_FC:3:1:16510:1129#0	1
ILLUMINA-075005_0053_FC:3:1:16620:1129#0	1
ILLUMINA-075005_0053_FC:3:1:17261:1123#0	1
ILLUMINA-075005_0053_FC:3:1:17661:1127#0	1
ILLUMINA-075005_0053_FC:3:1:17838:1119#0	1
ILLUMINA-075005_0053_FC:3:1:17992:1122#0	1
ILLUMINA-075005_0053_FC:3:1:18107:1123#0	1
ILLUMINA-075005_0053_FC:3:1:18749:1128#0	1
ILLUMINA-075005_0053_FC:3:1:1494:1134#0	1
ILLUMINA-075005_0053_FC:3:1:2371:1130#0	1
ILLUMINA-075005_0053_FC:3:1:2580:1138#0	1
ILLUMINA-075005_0053_FC:3:1:2734:1134#0	1
ILLUMINA-075005_0053_FC:3:1:3259:1134#0	1
ILLUMINA-075005_0053_FC:3:1:3930:1134#0	1
ILLUMINA-075005_0053_FC:3:1:4219:1138#0	1
ILLUMINA-075005_0053_FC:3:1:4887:1132#0	1
ILLUMINA-075005_0053_FC:3:1:5581:1137#0	1
ILLUMINA-075005_0053_FC:3:1:5648:1135#0	1
ILLUMINA-075005_0053_FC:3:1:5678:1138#0	1
ILLUMINA-075005_0053_FC:3:1:5789:1133#0	1
ILLUMINA-075005_0053_FC:3:1:5891:1134#0	1
ILLUMINA-075005_0053_FC:3:1:6358:1130#0	1
ILLUMINA-075005_0053_FC:3:1:6507:1139#0	1
ILLUMINA-075005_0053_FC:3:1:7036:1133#0	1
ILLUMINA-075005_0053_FC:3:1:7583:1139#0	1
ILLUMINA-075005_0053_FC:3:1:7675:1130#0	1
ILLUMINA-075005_0053_FC:3:1:7866:1134#0	1
ILLUMINA-075005_0053_FC:3:1:7946:1132#0	1
ILLUMINA-075005_0053_FC:3:1:8115:1138#0	1
ILLUMINA-075005_0053_FC:3:1:8421:1140#0	1
ILLUMINA-075005_0053_FC:3:1:8927:1131#0	1
ILLUMINA-075005_0053_FC:3:1:8948:1137#0	1
ILLUMINA-075005_0053_FC:3:1:9138:1139#0	1
ILLUMINA-075005_0053_FC:3:1:9225:1132#0	1
ILLUMINA-075005_0053_FC:3:1:9320:1131#0	1
ILLUMINA-075005_0053_FC:3:1:10079:1130#0	1
ILLUMINA-075005_0053_FC:3:1:10138:1139#0	1
ILLUMINA-075005_0053_FC:3:1:10181:1137#0	1
ILLUMINA-075005_0053_FC:3:1:10254:1140#0	1
ILLUMINA-075005_0053_FC:3:1:10734:1139#0	1
ILLUMINA-075005_0053_FC:3:1:11153:1137#0	1
ILLUMINA-075005_0053_FC:3:1:11184:1132#0	1
ILLUMINA-075005_0053_FC:3:1:11597:1136#0	1
ILLUMINA-075005_0053_FC:3:1:11805:1131#0	1
ILLUMINA-075005_0053_FC:3:1:11901:1140#0	1
ILLUMINA-075005_0053_FC:3:1:12001:1134#0	1
ILLUMINA-075005_0053_FC:3:1:12880:1130#0	1
ILLUMINA-075005_0053_FC:3:1:12904:1139#0	1
ILLUMINA-075005_0053_FC:3:1:12925:1130#0	1
ILLUMINA-075005_0053_FC:3:1:12944:1137#0	1
ILLUMINA-075005_0053_FC:3:1:13002:1138#0	1
ILLUMINA-075005_0053_FC:3:1:13644:1133#0	1
ILLUMINA-075005_0053_FC:3:1:13848:1134#0	1
ILLUMINA-075005_0053_FC:3:1:14079:1135#0	1
ILLUMINA-075005_0053_FC:3:1:14367:1141#0	1
ILLUMINA-075005_0053_FC:3:1:14412:1139#0	1
ILLUMINA-075005_0053_FC:3:1:15116:1133#0	1
ILLUMINA-075005_0053_FC:3:1:15971:1134#0	1
ILLUMINA-075005_0053_FC:3:1:16492:1132#0	1
ILLUMINA-075005_0053_FC:3:1:16596:1130#0	1
ILLUMINA-075005_0053_FC:3:1:16709:1134#0	1
ILLUMINA-075005_0053_FC:3:1:16807:1131#0	1
ILLUMINA-075005_0053_FC:3:1:17307:1133#0	1
ILLUMINA-075005_0053_FC:3:1:17697:1132#0	1
ILLUMINA-075005_0053_FC:3:1:17904:1136#0	1
ILLUMINA-075005_0053_FC:3:1:18495:1134#0	1
ILLUMINA-075005_0053_FC:3:1:18664:1133#0	1
ILLUMINA-075005_0053_FC:3:1:18773:1137#0	1
ILLUMINA-075005_0053_FC:3:1:18817:1134#0	1
ILLUMINA-075005_0053_FC:3:1:18904:1135#0	1
ILLUMINA-075005_0053_FC:3:1:19451:1140#0	1
ILLUMINA-075005_0053_FC:3:1:19605:1139#0	1
ILLUMINA-075005_0053_FC:3:1:19770:1133#0	1
ILLUMINA-075005_0053_FC:3:1:1297:1141#0	1
ILLUMINA-075005_0053_FC:3:1:1657:1150#0	1
ILLUMINA-075005_0053_FC:3:1:1788:1151#0	1
ILLUMINA-075005_0053_FC:3:1:2411:1145#0	1
ILLUMINA-075005_0053_FC:3:1:2491:1142#0	1
ILLUMINA-075005_0053_FC:3:1:3464:1146#0	1
ILLUMINA-075005_0053_FC:3:1:3660:1153#0	1
ILLUMINA-075005_0053_FC:3:1:3762:1145#0	1
ILLUMINA-075005_0053_FC:3:1:4012:1147#0	1
ILLUMINA-075005_0053_FC:3:1:4533:1144#0	1
ILLUMINA-075005_0053_FC:3:1:4584:1145#0	1
ILLUMINA-075005_0053_FC:3:1:4992:1148#0	1
ILLUMINA-075005_0053_FC:3:1:5067:1148#0	1
ILLUMINA-075005_0053_FC:3:1:5119:1149#0	1
ILLUMINA-075005_0053_FC:3:1:5719:1152#0	1
ILLUMINA-075005_0053_FC:3:1:5810:1145#0	1
ILLUMINA-075005_0053_FC:3:1:6176:1149#0	1
ILLUMINA-075005_0053_FC:3:1:6193:1151#0	1
ILLUMINA-075005_0053_FC:3:1:6454:1149#0	1
ILLUMINA-075005_0053_FC:3:1:6552:1142#0	1
ILLUMINA-075005_0053_FC:3:1:7404:1148#0	1
ILLUMINA-075005_0053_FC:3:1:7600:1150#0	1
ILLUMINA-075005_0053_FC:3:1:7924:1147#0	1
ILLUMINA-075005_0053_FC:3:1:8044:1145#0	1
ILLUMINA-075005_0053_FC:3:1:8075:1142#0	1
ILLUMINA-075005_0053_FC:3:1:8131:1150#0	1
ILLUMINA-075005_0053_FC:3:1:8156:1149#0	1
ILLUMINA-075005_0053_FC:3:1:8232:1149#0	1
ILLUMINA-075005_0053_FC:3:1:8372:1148#0	1
ILLUMINA-075005_0053_FC:3:1:9126:1152#0	1
ILLUMINA-075005_0053_FC:3:1:9240:1147#0	1
ILLUMINA-075005_0053_FC:3:1:9638:1147#0	1
ILLUMINA-075005_0053_FC:3:1:9752:1150#0	1
ILLUMINA-075005_0053_FC:3:1:9825:1150#0	1
ILLUMINA-075005_0053_FC:3:1:10901:1144#0	1
ILLUMINA-075005_0053_FC:3:1:10998:1148#0	1
ILLUMINA-075005_0053_FC:3:1:11658:1147#0	1
ILLUMINA-075005_0053_FC:3:1:11777:1152#0	1
ILLUMINA-075005_0053_FC:3:1:12341:1152#0	1
ILLUMINA-075005_0053_FC:3:1:12558:1148#0	1
ILLUMINA-075005_0053_FC:3:1:12595:1146#0	1
ILLUMINA-075005_0053_FC:3:1:12646:1153#0	1
ILLUMINA-075005_0053_FC:3:1:13053:1150#0	1
ILLUMINA-075005_0053_FC:3:1:13174:1152#0	1
ILLUMINA-075005_0053_FC:3:1:13310:1145#0	1
ILLUMINA-075005_0053_FC:3:1:13580:1151#0	1
ILLUMINA-075005_0053_FC:3:1:13741:1142#0	1
ILLUMINA-075005_0053_FC:3:1:13912:1144#0	1
ILLUMINA-075005_0053_FC:3:1:13983:1143#0	1
ILLUMINA-075005_0053_FC:3:1:15054:1145#0	1
ILLUMINA-075005_0053_FC:3:1:15149:1142#0	1
ILLUMINA-075005_0053_FC:3:1:15446:1142#0	1
ILLUMINA-075005_0053_FC:3:1:15857:1148#0	1
ILLUMINA-075005_0053_FC:3:1:16344:1141#0	1
ILLUMINA-075005_0053_FC:3:1:16834:1152#0	1
ILLUMINA-075005_0053_FC:3:1:17078:1146#0	1
ILLUMINA-075005_0053_FC:3:1:17410:1147#0	1
ILLUMINA-075005_0053_FC:3:1:18164:1148#0	1
ILLUMINA-075005_0053_FC:3:1:18619:1150#0	1
ILLUMINA-075005_0053_FC:3:1:18919:1144#0	1
ILLUMINA-075005_0053_FC:3:1:19716:1142#0	1
ILLUMINA-075005_0053_FC:3:1:19798:1145#0	1
ILLUMINA-075005_0053_FC:3:1:1289:1159#0	1
ILLUMINA-075005_0053_FC:3:1:1386:1154#0	1
ILLUMINA-075005_0053_FC:3:1:1428:1162#0	1
ILLUMINA-075005_0053_FC:3:1:3481:1161#0	1
ILLUMINA-075005_0053_FC:3:1:3806:1160#0	1
ILLUMINA-075005_0053_FC:3:1:3844:1159#0	1
ILLUMINA-075005_0053_FC:3:1:3887:1158#0	1
ILLUMINA-075005_0053_FC:3:1:4075:1161#0	1
ILLUMINA-075005_0053_FC:3:1:4462:1160#0	1
ILLUMINA-075005_0053_FC:3:1:4512:1158#0	1
ILLUMINA-075005_0053_FC:3:1:4555:1160#0	1
ILLUMINA-075005_0053_FC:3:1:4818:1154#0	1
ILLUMINA-075005_0053_FC:3:1:5397:1161#0	1
ILLUMINA-075005_0053_FC:3:1:5450:1158#0	1
ILLUMINA-075005_0053_FC:3:1:5571:1157#0	1
ILLUMINA-075005_0053_FC:3:1:6324:1162#0	1
ILLUMINA-075005_0053_FC:3:1:6655:1158#0	1
ILLUMINA-075005_0053_FC:3:1:6783:1155#0	1
ILLUMINA-075005_0053_FC:3:1:6925:1154#0	1
ILLUMINA-075005_0053_FC:3:1:7035:1159#0	1
ILLUMINA-075005_0053_FC:3:1:7101:1164#0	1
ILLUMINA-075005_0053_FC:3:1:7625:1162#0	1
ILLUMINA-075005_0053_FC:3:1:7708:1158#0	1
ILLUMINA-075005_0053_FC:3:1:8391:1164#0	1
ILLUMINA-075005_0053_FC:3:1:8422:1161#0	1
ILLUMINA-075005_0053_FC:3:1:8547:1157#0	1
ILLUMINA-075005_0053_FC:3:1:8596:1155#0	1
ILLUMINA-075005_0053_FC:3:1:8740:1162#0	1
ILLUMINA-075005_0053_FC:3:1:8758:1159#0	1
ILLUMINA-075005_0053_FC:3:1:8809:1161#0	1
ILLUMINA-075005_0053_FC:3:1:8933:1155#0	1
ILLUMINA-075005_0053_FC:3:1:9524:1158#0	1
ILLUMINA-075005_0053_FC:3:1:10185:1158#0	1
ILLUMINA-075005_0053_FC:3:1:10378:1157#0	1
ILLUMINA-075005_0053_FC:3:1:10670:1161#0	1
ILLUMINA-075005_0053_FC:3:1:10803:1156#0	1
ILLUMINA-075005_0053_FC:3:1:10848:1154#0	1
ILLUMINA-075005_0053_FC:3:1:11260:1163#0	1
ILLUMINA-075005_0053_FC:3:1:11566:1163#0	1
ILLUMINA-075005_0053_FC:3:1:11875:1154#0	1
ILLUMINA-075005_0053_FC:3:1:12716:1155#0	1
ILLUMINA-075005_0053_FC:3:1:13343:1158#0	1
ILLUMINA-075005_0053_FC:3:1:13465:1156#0	1
ILLUMINA-075005_0053_FC:3:1:14265:1163#0	1
ILLUMINA-075005_0053_FC:3:1:14533:1155#0	1
ILLUMINA-075005_0053_FC:3:1:15150:1160#0	1
ILLUMINA-075005_0053_FC:3:1:16226:1155#0	1
ILLUMINA-075005_0053_FC:3:1:16471:1155#0	1
ILLUMINA-075005_0053_FC:3:1:16509:1159#0	1
ILLUMINA-075005_0053_FC:3:1:16760:1154#0	1
ILLUMINA-075005_0053_FC:3:1:17189:1157#0	1
ILLUMINA-075005_0053_FC:3:1:17500:1163#0	1
ILLUMINA-075005_0053_FC:3:1:17681:1157#0	1
ILLUMINA-075005_0053_FC:3:1:17786:1155#0	1
ILLUMINA-075005_0053_FC:3:1:17813:1161#0	1
ILLUMINA-075005_0053_FC:3:1:17895:1157#0	1
ILLUMINA-075005_0053_FC:3:1:17913:1157#0	1
ILLUMINA-075005_0053_FC:3:1:18122:1153#0	1
ILLUMINA-075005_0053_FC:3:1:18364:1158#0	1
ILLUMINA-075005_0053_FC:3:1:18381:1165#0	1
ILLUMINA-075005_0053_FC:3:1:19229:1163#0	1
ILLUMINA-075005_0053_FC:3:1:19435:1156#0	1
ILLUMINA-075005_0053_FC:3:1:1166:1165#0	1
ILLUMINA-075005_0053_FC:3:1:1328:1165#0	1
ILLUMINA-075005_0053_FC:3:1:1459:1174#0	1
ILLUMINA-075005_0053_FC:3:1:1539:1165#0	1
ILLUMINA-075005_0053_FC:3:1:2258:1165#0	1
ILLUMINA-075005_0053_FC:3:1:2600:1173#0	1
ILLUMINA-075005_0053_FC:3:1:2958:1176#0	1
ILLUMINA-075005_0053_FC:3:1:3339:1172#0	1
ILLUMINA-075005_0053_FC:3:1:3616:1165#0	1
ILLUMINA-075005_0053_FC:3:1:3947:1169#0	1
ILLUMINA-075005_0053_FC:3:1:4267:1167#0	1
ILLUMINA-075005_0053_FC:3:1:4578:1169#0	1
ILLUMINA-075005_0053_FC:3:1:4676:1169#0	1
ILLUMINA-075005_0053_FC:3:1:4784:1169#0	1
ILLUMINA-075005_0053_FC:3:1:4896:1175#0	1
ILLUMINA-075005_0053_FC:3:1:5764:1173#0	1
ILLUMINA-075005_0053_FC:3:1:5850:1171#0	1
ILLUMINA-075005_0053_FC:3:1:6376:1169#0	1
ILLUMINA-075005_0053_FC:3:1:6427:1172#0	1
ILLUMINA-075005_0053_FC:3:1:6695:1173#0	1
ILLUMINA-075005_0053_FC:3:1:7003:1166#0	1
ILLUMINA-075005_0053_FC:3:1:7556:1172#0	1
ILLUMINA-075005_0053_FC:3:1:8064:1171#0	1
ILLUMINA-075005_0053_FC:3:1:8316:1176#0	1
ILLUMINA-075005_0053_FC:3:1:8501:1167#0	1
ILLUMINA-075005_0053_FC:3:1:9076:1165#0	1
ILLUMINA-075005_0053_FC:3:1:9561:1175#0	1
ILLUMINA-075005_0053_FC:3:1:9842:1169#0	1
ILLUMINA-075005_0053_FC:3:1:9915:1166#0	1
ILLUMINA-075005_0053_FC:3:1:10133:1172#0	1
ILLUMINA-075005_0053_FC:3:1:10212:1170#0	1
ILLUMINA-075005_0053_FC:3:1:10473:1176#0	1
ILLUMINA-075005_0053_FC:3:1:10741:1167#0	1
ILLUMINA-075005_0053_FC:3:1:12663:1175#0	1
ILLUMINA-075005_0053_FC:3:1:12923:1171#0	1
ILLUMINA-075005_0053_FC:3:1:13237:1175#0	1
ILLUMINA-075005_0053_FC:3:1:13311:1171#0	1
ILLUMINA-075005_0053_FC:3:1:13462:1175#0	1
ILLUMINA-075005_0053_FC:3:1:13634:1174#0	1
ILLUMINA-075005_0053_FC:3:1:14113:1166#0	1
ILLUMINA-075005_0053_FC:3:1:14388:1168#0	1
ILLUMINA-075005_0053_FC:3:1:14484:1168#0	1
ILLUMINA-075005_0053_FC:3:1:14643:1166#0	1
ILLUMINA-075005_0053_FC:3:1:14729:1170#0	1
ILLUMINA-075005_0053_FC:3:1:14914:1165#0	1
ILLUMINA-075005_0053_FC:3:1:15275:1171#0	1
ILLUMINA-075005_0053_FC:3:1:16068:1167#0	1
ILLUMINA-075005_0053_FC:3:1:16110:1168#0	1
ILLUMINA-075005_0053_FC:3:1:16410:1170#0	1
ILLUMINA-075005_0053_FC:3:1:16957:1172#0	1
ILLUMINA-075005_0053_FC:3:1:17336:1168#0	1
ILLUMINA-075005_0053_FC:3:1:17480:1168#0	1
ILLUMINA-075005_0053_FC:3:1:17701:1171#0	1
ILLUMINA-075005_0053_FC:3:1:17731:1171#0	1
ILLUMINA-075005_0053_FC:3:1:18141:1174#0	1
ILLUMINA-075005_0053_FC:3:1:18219:1169#0	1
ILLUMINA-075005_0053_FC:3:1:18670:1169#0	1
ILLUMINA-075005_0053_FC:3:1:18747:1172#0	1
ILLUMINA-075005_0053_FC:3:1:1251:1184#0	1
ILLUMINA-075005_0053_FC:3:1:1992:1187#0	1
ILLUMINA-075005_0053_FC:3:1:2320:1178#0	1
ILLUMINA-075005_0053_FC:3:1:2540:1184#0	1
ILLUMINA-075005_0053_FC:3:1:2630:1184#0	1
ILLUMINA-075005_0053_FC:3:1:2887:1179#0	1
ILLUMINA-075005_0053_FC:3:1:3113:1182#0	1
ILLUMINA-075005_0053_FC:3:1:3671:1181#0	1
ILLUMINA-075005_0053_FC:3:1:4239:1184#0	1
ILLUMINA-075005_0053_FC:3:1:4280:1184#0	1
ILLUMINA-075005_0053_FC:3:1:4730:1182#0	1
ILLUMINA-075005_0053_FC:3:1:4772:1185#0	1
ILLUMINA-075005_0053_FC:3:1:4875:1177#0	1
ILLUMINA-075005_0053_FC:3:1:4956:1179#0	1
ILLUMINA-075005_0053_FC:3:1:5118:1181#0	1
ILLUMINA-075005_0053_FC:3:1:5171:1181#0	1
ILLUMINA-075005_0053_FC:3:1:5212:1181#0	1
ILLUMINA-075005_0053_FC:3:1:5619:1184#0	1
ILLUMINA-075005_0053_FC:3:1:5739:1177#0	1
ILLUMINA-075005_0053_FC:3:1:5827:1187#0	1
ILLUMINA-075005_0053_FC:3:1:6839:1187#0	1
ILLUMINA-075005_0053_FC:3:1:7310:1184#0	1
ILLUMINA-075005_0053_FC:3:1:7376:1186#0	1
ILLUMINA-075005_0053_FC:3:1:7426:1186#0	1
ILLUMINA-075005_0053_FC:3:1:7827:1188#0	1
ILLUMINA-075005_0053_FC:3:1:7881:1179#0	1
ILLUMINA-075005_0053_FC:3:1:7967:1187#0	1
ILLUMINA-075005_0053_FC:3:1:8048:1179#0	1
ILLUMINA-075005_0053_FC:3:1:8408:1186#0	1
ILLUMINA-075005_0053_FC:3:1:8535:1180#0	1
ILLUMINA-075005_0053_FC:3:1:9051:1188#0	1
ILLUMINA-075005_0053_FC:3:1:9276:1177#0	1
ILLUMINA-075005_0053_FC:3:1:9410:1180#0	1
ILLUMINA-075005_0053_FC:3:1:9878:1178#0	1
ILLUMINA-075005_0053_FC:3:1:10159:1179#0	1
ILLUMINA-075005_0053_FC:3:1:10272:1186#0	1
ILLUMINA-075005_0053_FC:3:1:10386:1180#0	1
ILLUMINA-075005_0053_FC:3:1:10643:1183#0	1
ILLUMINA-075005_0053_FC:3:1:10837:1178#0	1
ILLUMINA-075005_0053_FC:3:1:11041:1179#0	1
ILLUMINA-075005_0053_FC:3:1:11163:1185#0	1
ILLUMINA-075005_0053_FC:3:1:11304:1178#0	1
ILLUMINA-075005_0053_FC:3:1:11430:1183#0	1
ILLUMINA-075005_0053_FC:3:1:11928:1183#0	1
ILLUMINA-075005_0053_FC:3:1:12319:1188#0	1
ILLUMINA-075005_0053_FC:3:1:12477:1181#0	1
ILLUMINA-075005_0053_FC:3:1:13040:1188#0	1
ILLUMINA-075005_0053_FC:3:1:13335:1184#0	1
ILLUMINA-075005_0053_FC:3:1:13387:1183#0	1
ILLUMINA-075005_0053_FC:3:1:13614:1184#0	1
ILLUMINA-075005_0053_FC:3:1:13718:1180#0	1
ILLUMINA-075005_0053_FC:3:1:13948:1187#0	1
ILLUMINA-075005_0053_FC:3:1:15032:1187#0	1
ILLUMINA-075005_0053_FC:3:1:15445:1177#0	1
ILLUMINA-075005_0053_FC:3:1:15488:1178#0	1
ILLUMINA-075005_0053_FC:3:1:15819:1187#0	1
ILLUMINA-075005_0053_FC:3:1:16271:1187#0	1
ILLUMINA-075005_0053_FC:3:1:16341:1182#0	1
ILLUMINA-075005_0053_FC:3:1:16463:1177#0	1
ILLUMINA-075005_0053_FC:3:1:16769:1179#0	1
ILLUMINA-075005_0053_FC:3:1:16804:1179#0	1
ILLUMINA-075005_0053_FC:3:1:16974:1177#0	1
ILLUMINA-075005_0053_FC:3:1:17068:1177#0	1
ILLUMINA-075005_0053_FC:3:1:17988:1184#0	1
ILLUMINA-075005_0053_FC:3:1:18024:1177#0	1
ILLUMINA-075005_0053_FC:3:1:18107:1183#0	1
ILLUMINA-075005_0053_FC:3:1:18195:1186#0	1
ILLUMINA-075005_0053_FC:3:1:18542:1185#0	1
ILLUMINA-075005_0053_FC:3:1:18849:1179#0	1
ILLUMINA-075005_0053_FC:3:1:19545:1185#0	1
ILLUMINA-075005_0053_FC:3:1:1671:1190#0	1
ILLUMINA-075005_0053_FC:3:1:1821:1199#0	1
ILLUMINA-075005_0053_FC:3:1:2285:1200#0	1
ILLUMINA-075005_0053_FC:3:1:2351:1192#0	1
ILLUMINA-075005_0053_FC:3:1:3553:1189#0	2
ILLUMINA-075005_0053_FC:3:1:3724:1192#0	1
ILLUMINA-075005_0053_FC:3:1:4502:1191#0	1
ILLUMINA-075005_0053_FC:3:1:5283:1195#0	1
ILLUMINA-075005_0053_FC:3:1:5382:1195#0	1
ILLUMINA-075005_0053_FC:3:1:5648:1198#0	1
ILLUMINA-075005_0053_FC:3:1:6245:1195#0	1
ILLUMINA-075005_0053_FC:3:1:6609:1192#0	1
ILLUMINA-075005_0053_FC:3:1:7031:1193#0	1
ILLUMINA-075005_0053_FC:3:1:7598:1189#0	1
ILLUMINA-075005_0053_FC:3:1:7735:1191#0	1
ILLUMINA-075005_0053_FC:3:1:7989:1198#0	1
ILLUMINA-075005_0053_FC:3:1:8097:1197#0	1
ILLUMINA-075005_0053_FC:3:1:8161:1191#0	1
ILLUMINA-075005_0053_FC:3:1:8366:1190#0	1
ILLUMINA-075005_0053_FC:3:1:8766:1200#0	1
ILLUMINA-075005_0053_FC:3:1:9080:1193#0	1
ILLUMINA-075005_0053_FC:3:1:9396:1193#0	1
ILLUMINA-075005_0053_FC:3:1:9842:1190#0	1
ILLUMINA-075005_0053_FC:3:1:10335:1198#0	1
ILLUMINA-075005_0053_FC:3:1:10557:1194#0	1
ILLUMINA-075005_0053_FC:3:1:10904:1200#0	1
ILLUMINA-075005_0053_FC:3:1:11360:1197#0	1
ILLUMINA-075005_0053_FC:3:1:11887:1195#0	1
ILLUMINA-075005_0053_FC:3:1:12017:1193#0	1
ILLUMINA-075005_0053_FC:3:1:12660:1193#0	1
ILLUMINA-075005_0053_FC:3:1:13499:1197#0	1
ILLUMINA-075005_0053_FC:3:1:13565:1196#0	1
ILLUMINA-075005_0053_FC:3:1:13639:1195#0	2
ILLUMINA-075005_0053_FC:3:1:14082:1200#0	1
ILLUMINA-075005_0053_FC:3:1:14170:1194#0	1
ILLUMINA-075005_0053_FC:3:1:14263:1197#0	1
ILLUMINA-075005_0053_FC:3:1:14613:1190#0	1
ILLUMINA-075005_0053_FC:3:1:15120:1193#0	1
ILLUMINA-075005_0053_FC:3:1:15504:1190#0	1
ILLUMINA-075005_0053_FC:3:1:15716:1190#0	1
ILLUMINA-075005_0053_FC:3:1:15847:1195#0	1
ILLUMINA-075005_0053_FC:3:1:15951:1190#0	1
ILLUMINA-075005_0053_FC:3:1:16177:1195#0	1
ILLUMINA-075005_0053_FC:3:1:16325:1196#0	1
ILLUMINA-075005_0053_FC:3:1:16792:1191#0	1
ILLUMINA-075005_0053_FC:3:1:17125:1197#0	1
ILLUMINA-075005_0053_FC:3:1:17481:1198#0	1
ILLUMINA-075005_0053_FC:3:1:17583:1192#0	1
ILLUMINA-075005_0053_FC:3:1:18352:1192#0	1
ILLUMINA-075005_0053_FC:3:1:18932:1192#0	1
ILLUMINA-075005_0053_FC:3:1:19161:1189#0	1
ILLUMINA-075005_0053_FC:3:1:19233:1192#0	1
ILLUMINA-075005_0053_FC:3:1:19652:1189#0	1
ILLUMINA-075005_0053_FC:3:1:19767:1191#0	1
ILLUMINA-075005_0053_FC:3:1:1269:1209#0	1
ILLUMINA-075005_0053_FC:3:1:1310:1204#0	1
ILLUMINA-075005_0053_FC:3:1:1439:1203#0	1
ILLUMINA-075005_0053_FC:3:1:1741:1201#0	1
ILLUMINA-075005_0053_FC:3:1:2639:1205#0	1
ILLUMINA-075005_0053_FC:3:1:2782:1211#0	1
ILLUMINA-075005_0053_FC:3:1:3637:1208#0	1
ILLUMINA-075005_0053_FC:3:1:3657:1205#0	1
ILLUMINA-075005_0053_FC:3:1:3971:1207#0	1
ILLUMINA-075005_0053_FC:3:1:4445:1201#0	1
ILLUMINA-075005_0053_FC:3:1:5996:1210#0	1
ILLUMINA-075005_0053_FC:3:1:6077:1202#0	1
ILLUMINA-075005_0053_FC:3:1:6148:1211#0	1
ILLUMINA-075005_0053_FC:3:1:6344:1210#0	1
ILLUMINA-075005_0053_FC:3:1:7622:1206#0	1
ILLUMINA-075005_0053_FC:3:1:8305:1205#0	1
ILLUMINA-075005_0053_FC:3:1:8681:1211#0	1
ILLUMINA-075005_0053_FC:3:1:8836:1202#0	1
ILLUMINA-075005_0053_FC:3:1:8884:1201#0	1
ILLUMINA-075005_0053_FC:3:1:9145:1209#0	1
ILLUMINA-075005_0053_FC:3:1:9245:1210#0	1
ILLUMINA-075005_0053_FC:3:1:9628:1205#0	1
ILLUMINA-075005_0053_FC:3:1:9810:1207#0	1
ILLUMINA-075005_0053_FC:3:1:10001:1204#0	1
ILLUMINA-075005_0053_FC:3:1:10043:1205#0	1
ILLUMINA-075005_0053_FC:3:1:10233:1205#0	1
ILLUMINA-075005_0053_FC:3:1:10352:1207#0	1
ILLUMINA-075005_0053_FC:3:1:10825:1203#0	1
ILLUMINA-075005_0053_FC:3:1:10888:1207#0	1
ILLUMINA-075005_0053_FC:3:1:11033:1210#0	1
ILLUMINA-075005_0053_FC:3:1:11401:1208#0	1
ILLUMINA-075005_0053_FC:3:1:11790:1203#0	1
ILLUMINA-075005_0053_FC:3:1:11907:1212#0	1
ILLUMINA-075005_0053_FC:3:1:11930:1205#0	1
ILLUMINA-075005_0053_FC:3:1:12864:1207#0	1
ILLUMINA-075005_0053_FC:3:1:13206:1207#0	1
ILLUMINA-075005_0053_FC:3:1:13735:1208#0	1
ILLUMINA-075005_0053_FC:3:1:14930:1211#0	1
ILLUMINA-075005_0053_FC:3:1:15012:1203#0	1
ILLUMINA-075005_0053_FC:3:1:15137:1211#0	1
ILLUMINA-075005_0053_FC:3:1:15256:1210#0	1
ILLUMINA-075005_0053_FC:3:1:15681:1210#0	1
ILLUMINA-075005_0053_FC:3:1:15726:1207#0	1
ILLUMINA-075005_0053_FC:3:1:15969:1206#0	1
ILLUMINA-075005_0053_FC:3:1:16189:1208#0	1
ILLUMINA-075005_0053_FC:3:1:16346:1211#0	1
ILLUMINA-075005_0053_FC:3:1:16917:1209#0	1
ILLUMINA-075005_0053_FC:3:1:16959:1209#0	1
ILLUMINA-075005_0053_FC:3:1:17452:1201#0	1
ILLUMINA-075005_0053_FC:3:1:17523:1205#0	1
ILLUMINA-075005_0053_FC:3:1:17792:1202#0	1
ILLUMINA-075005_0053_FC:3:1:18164:1211#0	1
ILLUMINA-075005_0053_FC:3:1:18571:1203#0	1
ILLUMINA-075005_0053_FC:3:1:18769:1205#0	1
ILLUMINA-075005_0053_FC:3:1:18801:1208#0	1
ILLUMINA-075005_0053_FC:3:1:19188:1202#0	1
ILLUMINA-075005_0053_FC:3:1:1507:1215#0	1
ILLUMINA-075005_0053_FC:3:1:1762:1218#0	1
ILLUMINA-075005_0053_FC:3:1:2219:1219#0	1
ILLUMINA-075005_0053_FC:3:1:2353:1214#0	1
ILLUMINA-075005_0053_FC:3:1:2383:1218#0	1
ILLUMINA-075005_0053_FC:3:1:2455:1223#0	1
ILLUMINA-075005_0053_FC:3:1:3475:1213#0	1
ILLUMINA-075005_0053_FC:3:1:3512:1214#0	1
ILLUMINA-075005_0053_FC:3:1:4206:1214#0	1
ILLUMINA-075005_0053_FC:3:1:4284:1219#0	1
ILLUMINA-075005_0053_FC:3:1:5050:1223#0	1
ILLUMINA-075005_0053_FC:3:1:5534:1214#0	1
ILLUMINA-075005_0053_FC:3:1:5596:1223#0	1
ILLUMINA-075005_0053_FC:3:1:7772:1212#0	1
ILLUMINA-075005_0053_FC:3:1:8447:1217#0	1
ILLUMINA-075005_0053_FC:3:1:8699:1216#0	1
ILLUMINA-075005_0053_FC:3:1:8754:1221#0	1
ILLUMINA-075005_0053_FC:3:1:9414:1214#0	1
ILLUMINA-075005_0053_FC:3:1:9703:1213#0	2
ILLUMINA-075005_0053_FC:3:1:10605:1221#0	1
ILLUMINA-075005_0053_FC:3:1:10685:1217#0	1
ILLUMINA-075005_0053_FC:3:1:10934:1213#0	1
ILLUMINA-075005_0053_FC:3:1:11709:1223#0	1
ILLUMINA-075005_0053_FC:3:1:12004:1212#0	1
ILLUMINA-075005_0053_FC:3:1:12417:1217#0	1
ILLUMINA-075005_0053_FC:3:1:12746:1213#0	1
ILLUMINA-075005_0053_FC:3:1:12803:1214#0	1
ILLUMINA-075005_0053_FC:3:1:12845:1213#0	1
ILLUMINA-075005_0053_FC:3:1:13246:1215#0	1
ILLUMINA-075005_0053_FC:3:1:13643:1213#0	1
ILLUMINA-075005_0053_FC:3:1:13842:1219#0	1
ILLUMINA-075005_0053_FC:3:1:13872:1217#0	1
ILLUMINA-075005_0053_FC:3:1:14154:1223#0	1
ILLUMINA-075005_0053_FC:3:1:14195:1220#0	1
ILLUMINA-075005_0053_FC:3:1:14275:1213#0	1
ILLUMINA-075005_0053_FC:3:1:14360:1219#0	1
ILLUMINA-075005_0053_FC:3:1:15805:1217#0	1
ILLUMINA-075005_0053_FC:3:1:15989:1216#0	1
ILLUMINA-075005_0053_FC:3:1:16204:1220#0	1
ILLUMINA-075005_0053_FC:3:1:16737:1217#0	1
ILLUMINA-075005_0053_FC:3:1:16868:1213#0	1
ILLUMINA-075005_0053_FC:3:1:17200:1222#0	1
ILLUMINA-075005_0053_FC:3:1:17258:1214#0	1
ILLUMINA-075005_0053_FC:3:1:17777:1212#0	1
ILLUMINA-075005_0053_FC:3:1:17959:1217#0	1
ILLUMINA-075005_0053_FC:3:1:18105:1222#0	1
ILLUMINA-075005_0053_FC:3:1:18223:1220#0	1
ILLUMINA-075005_0053_FC:3:1:18312:1222#0	1
ILLUMINA-075005_0053_FC:3:1:19166:1223#0	1
ILLUMINA-075005_0053_FC:3:1:1076:1229#0	1
ILLUMINA-075005_0053_FC:3:1:1495:1234#0	1
ILLUMINA-075005_0053_FC:3:1:1951:1229#0	1
ILLUMINA-075005_0053_FC:3:1:2298:1229#0	1
ILLUMINA-075005_0053_FC:3:1:2429:1228#0	1
ILLUMINA-075005_0053_FC:3:1:2549:1224#0	1
ILLUMINA-075005_0053_FC:3:1:2985:1232#0	1
ILLUMINA-075005_0053_FC:3:1:3254:1232#0	1
ILLUMINA-075005_0053_FC:3:1:3311:1229#0	1
ILLUMINA-075005_0053_FC:3:1:3481:1233#0	1
ILLUMINA-075005_0053_FC:3:1:3588:1234#0	1
ILLUMINA-075005_0053_FC:3:1:3868:1224#0	1
ILLUMINA-075005_0053_FC:3:1:3932:1231#0	1
ILLUMINA-075005_0053_FC:3:1:3955:1227#0	1
ILLUMINA-075005_0053_FC:3:1:4031:1230#0	1
ILLUMINA-075005_0053_FC:3:1:5009:1234#0	1
ILLUMINA-075005_0053_FC:3:1:5029:1228#0	1
ILLUMINA-075005_0053_FC:3:1:5170:1226#0	1
ILLUMINA-075005_0053_FC:3:1:5683:1228#0	1
ILLUMINA-075005_0053_FC:3:1:5989:1231#0	1
ILLUMINA-075005_0053_FC:3:1:6246:1235#0	1
ILLUMINA-075005_0053_FC:3:1:6504:1229#0	1
ILLUMINA-075005_0053_FC:3:1:6805:1234#0	1
ILLUMINA-075005_0053_FC:3:1:6856:1234#0	1
ILLUMINA-075005_0053_FC:3:1:6971:1228#0	1
ILLUMINA-075005_0053_FC:3:1:7418:1228#0	1
ILLUMINA-075005_0053_FC:3:1:7656:1225#0	1
ILLUMINA-075005_0053_FC:3:1:8425:1231#0	1
ILLUMINA-075005_0053_FC:3:1:8601:1229#0	1
ILLUMINA-075005_0053_FC:3:1:9134:1232#0	1
ILLUMINA-075005_0053_FC:3:1:9231:1234#0	1
ILLUMINA-075005_0053_FC:3:1:9423:1234#0	1
ILLUMINA-075005_0053_FC:3:1:10669:1229#0	1
ILLUMINA-075005_0053_FC:3:1:10748:1227#0	1
ILLUMINA-075005_0053_FC:3:1:11051:1227#0	1
ILLUMINA-075005_0053_FC:3:1:11278:1230#0	1
ILLUMINA-075005_0053_FC:3:1:11478:1226#0	1
ILLUMINA-075005_0053_FC:3:1:11516:1226#0	1
ILLUMINA-075005_0053_FC:3:1:12061:1229#0	1
ILLUMINA-075005_0053_FC:3:1:12084:1232#0	1
ILLUMINA-075005_0053_FC:3:1:12391:1230#0	1
ILLUMINA-075005_0053_FC:3:1:13857:1228#0	1
ILLUMINA-075005_0053_FC:3:1:13974:1228#0	1
ILLUMINA-075005_0053_FC:3:1:14174:1224#0	1
ILLUMINA-075005_0053_FC:3:1:14334:1234#0	1
ILLUMINA-075005_0053_FC:3:1:14632:1224#0	1
ILLUMINA-075005_0053_FC:3:1:14725:1233#0	1
ILLUMINA-075005_0053_FC:3:1:14775:1229#0	1
ILLUMINA-075005_0053_FC:3:1:14843:1225#0	1
ILLUMINA-075005_0053_FC:3:1:16114:1224#0	1
ILLUMINA-075005_0053_FC:3:1:16129:1233#0	1
ILLUMINA-075005_0053_FC:3:1:16292:1231#0	1
ILLUMINA-075005_0053_FC:3:1:16601:1226#0	1
ILLUMINA-075005_0053_FC:3:1:16759:1226#0	1
ILLUMINA-075005_0053_FC:3:1:17428:1226#0	1
ILLUMINA-075005_0053_FC:3:1:17499:1231#0	1
ILLUMINA-075005_0053_FC:3:1:18649:1224#0	1
ILLUMINA-075005_0053_FC:3:1:19213:1235#0	1
ILLUMINA-075005_0053_FC:3:1:1120:1239#0	1
ILLUMINA-075005_0053_FC:3:1:1388:1238#0	1
ILLUMINA-075005_0053_FC:3:1:1531:1241#0	1
ILLUMINA-075005_0053_FC:3:1:2034:1239#0	1
ILLUMINA-075005_0053_FC:3:1:2108:1236#0	1
ILLUMINA-075005_0053_FC:3:1:2253:1241#0	1
ILLUMINA-075005_0053_FC:3:1:2275:1238#0	1
ILLUMINA-075005_0053_FC:3:1:2373:1243#0	1
ILLUMINA-075005_0053_FC:3:1:3444:1241#0	1
ILLUMINA-075005_0053_FC:3:1:3619:1247#0	1
ILLUMINA-075005_0053_FC:3:1:4102:1241#0	1
ILLUMINA-075005_0053_FC:3:1:4186:1245#0	1
ILLUMINA-075005_0053_FC:3:1:4251:1237#0	1
ILLUMINA-075005_0053_FC:3:1:4372:1236#0	1
ILLUMINA-075005_0053_FC:3:1:4457:1246#0	1
ILLUMINA-075005_0053_FC:3:1:5407:1241#0	1
ILLUMINA-075005_0053_FC:3:1:5825:1236#0	1
ILLUMINA-075005_0053_FC:3:1:6098:1241#0	1
ILLUMINA-075005_0053_FC:3:1:6133:1240#0	1
ILLUMINA-075005_0053_FC:3:1:6266:1236#0	1
ILLUMINA-075005_0053_FC:3:1:6435:1238#0	1
ILLUMINA-075005_0053_FC:3:1:7000:1235#0	1
ILLUMINA-075005_0053_FC:3:1:7034:1239#0	1
ILLUMINA-075005_0053_FC:3:1:7076:1246#0	1
ILLUMINA-075005_0053_FC:3:1:7166:1237#0	1
ILLUMINA-075005_0053_FC:3:1:7186:1237#0	1
ILLUMINA-075005_0053_FC:3:1:7427:1246#0	1
ILLUMINA-075005_0053_FC:3:1:7607:1240#0	1
ILLUMINA-075005_0053_FC:3:1:8089:1244#0	1
ILLUMINA-075005_0053_FC:3:1:8220:1243#0	1
ILLUMINA-075005_0053_FC:3:1:8481:1240#0	1
ILLUMINA-075005_0053_FC:3:1:8739:1245#0	1
ILLUMINA-075005_0053_FC:3:1:8801:1244#0	1
ILLUMINA-075005_0053_FC:3:1:8987:1244#0	1
ILLUMINA-075005_0053_FC:3:1:9025:1243#0	1
ILLUMINA-075005_0053_FC:3:1:9306:1237#0	1
ILLUMINA-075005_0053_FC:3:1:9701:1244#0	1
ILLUMINA-075005_0053_FC:3:1:10026:1236#0	1
ILLUMINA-075005_0053_FC:3:1:10242:1244#0	1
ILLUMINA-075005_0053_FC:3:1:10263:1246#0	1
ILLUMINA-075005_0053_FC:3:1:10281:1241#0	1
ILLUMINA-075005_0053_FC:3:1:11212:1240#0	1
ILLUMINA-075005_0053_FC:3:1:11293:1238#0	1
ILLUMINA-075005_0053_FC:3:1:11434:1237#0	1
ILLUMINA-075005_0053_FC:3:1:12002:1240#0	1
ILLUMINA-075005_0053_FC:3:1:12118:1236#0	1
ILLUMINA-075005_0053_FC:3:1:12272:1246#0	1
ILLUMINA-075005_0053_FC:3:1:12293:1241#0	1
ILLUMINA-075005_0053_FC:3:1:12409:1237#0	1
ILLUMINA-075005_0053_FC:3:1:12495:1240#0	1
ILLUMINA-075005_0053_FC:3:1:12763:1243#0	1
ILLUMINA-075005_0053_FC:3:1:13785:1243#0	1
ILLUMINA-075005_0053_FC:3:1:13806:1241#0	1
ILLUMINA-075005_0053_FC:3:1:13931:1240#0	2
ILLUMINA-075005_0053_FC:3:1:14027:1237#0	1
ILLUMINA-075005_0053_FC:3:1:14218:1240#0	1
ILLUMINA-075005_0053_FC:3:1:14510:1241#0	1
ILLUMINA-075005_0053_FC:3:1:14533:1244#0	1
ILLUMINA-075005_0053_FC:3:1:14679:1238#0	1
ILLUMINA-075005_0053_FC:3:1:15412:1242#0	1
ILLUMINA-075005_0053_FC:3:1:15697:1243#0	1
ILLUMINA-075005_0053_FC:3:1:15796:1241#0	1
ILLUMINA-075005_0053_FC:3:1:15987:1241#0	1
ILLUMINA-075005_0053_FC:3:1:16442:1238#0	1
ILLUMINA-075005_0053_FC:3:1:16617:1246#0	1
ILLUMINA-075005_0053_FC:3:1:16756:1245#0	1
ILLUMINA-075005_0053_FC:3:1:16809:1245#0	1
ILLUMINA-075005_0053_FC:3:1:17062:1240#0	1
ILLUMINA-075005_0053_FC:3:1:18603:1240#0	1
ILLUMINA-075005_0053_FC:3:1:18626:1235#0	1
ILLUMINA-075005_0053_FC:3:1:18828:1244#0	1
ILLUMINA-075005_0053_FC:3:1:19083:1239#0	1
ILLUMINA-075005_0053_FC:3:1:1195:1251#0	1
ILLUMINA-075005_0053_FC:3:1:1427:1249#0	1
ILLUMINA-075005_0053_FC:3:1:1792:1250#0	1
ILLUMINA-075005_0053_FC:3:1:1962:1257#0	1
ILLUMINA-075005_0053_FC:3:1:2414:1247#0	1
ILLUMINA-075005_0053_FC:3:1:3009:1247#0	1
ILLUMINA-075005_0053_FC:3:1:3074:1250#0	1
ILLUMINA-075005_0053_FC:3:1:3301:1256#0	1
ILLUMINA-075005_0053_FC:3:1:3491:1258#0	1
ILLUMINA-075005_0053_FC:3:1:3657:1258#0	1
ILLUMINA-075005_0053_FC:3:1:3979:1255#0	1
ILLUMINA-075005_0053_FC:3:1:4171:1257#0	1
ILLUMINA-075005_0053_FC:3:1:4370:1256#0	1
ILLUMINA-075005_0053_FC:3:1:4809:1251#0	1
ILLUMINA-075005_0053_FC:3:1:5225:1247#0	1
ILLUMINA-075005_0053_FC:3:1:5902:1253#0	1
ILLUMINA-075005_0053_FC:3:1:6091:1258#0	1
ILLUMINA-075005_0053_FC:3:1:6455:1256#0	1
ILLUMINA-075005_0053_FC:3:1:6863:1259#0	1
ILLUMINA-075005_0053_FC:3:1:6881:1258#0	1
ILLUMINA-075005_0053_FC:3:1:6955:1256#0	1
ILLUMINA-075005_0053_FC:3:1:7025:1257#0	1
ILLUMINA-075005_0053_FC:3:1:7503:1256#0	1
ILLUMINA-075005_0053_FC:3:1:7705:1248#0	1
ILLUMINA-075005_0053_FC:3:1:7751:1249#0	1
ILLUMINA-075005_0053_FC:3:1:8041:1258#0	1
ILLUMINA-075005_0053_FC:3:1:8155:1256#0	1
ILLUMINA-075005_0053_FC:3:1:8287:1251#0	1
ILLUMINA-075005_0053_FC:3:1:8545:1257#0	1
ILLUMINA-075005_0053_FC:3:1:8835:1256#0	1
ILLUMINA-075005_0053_FC:3:1:9188:1251#0	1
ILLUMINA-075005_0053_FC:3:1:9224:1258#0	1
ILLUMINA-075005_0053_FC:3:1:9400:1252#0	1
ILLUMINA-075005_0053_FC:3:1:9524:1254#0	1
ILLUMINA-075005_0053_FC:3:1:9903:1254#0	1
ILLUMINA-075005_0053_FC:3:1:10084:1250#0	1
ILLUMINA-075005_0053_FC:3:1:10561:1251#0	1
ILLUMINA-075005_0053_FC:3:1:10693:1251#0	1
ILLUMINA-075005_0053_FC:3:1:11826:1258#0	1
ILLUMINA-075005_0053_FC:3:1:12810:1256#0	1
ILLUMINA-075005_0053_FC:3:1:12973:1250#0	1
ILLUMINA-075005_0053_FC:3:1:13146:1249#0	1
ILLUMINA-075005_0053_FC:3:1:13259:1248#0	1
ILLUMINA-075005_0053_FC:3:1:13275:1255#0	1
ILLUMINA-075005_0053_FC:3:1:14470:1255#0	1
ILLUMINA-075005_0053_FC:3:1:14582:1257#0	1
ILLUMINA-075005_0053_FC:3:1:14721:1259#0	1
ILLUMINA-075005_0053_FC:3:1:15145:1253#0	1
ILLUMINA-075005_0053_FC:3:1:15719:1247#0	1
ILLUMINA-075005_0053_FC:3:1:16149:1249#0	1
ILLUMINA-075005_0053_FC:3:1:16295:1256#0	1
ILLUMINA-075005_0053_FC:3:1:16331:1247#0	1
ILLUMINA-075005_0053_FC:3:1:16666:1253#0	1
ILLUMINA-075005_0053_FC:3:1:16991:1256#0	1
ILLUMINA-075005_0053_FC:3:1:17111:1247#0	1
ILLUMINA-075005_0053_FC:3:1:17279:1247#0	1
ILLUMINA-075005_0053_FC:3:1:18369:1253#0	1
ILLUMINA-075005_0053_FC:3:1:1419:1269#0	1
ILLUMINA-075005_0053_FC:3:1:1572:1261#0	1
ILLUMINA-075005_0053_FC:3:1:1770:1267#0	1
ILLUMINA-075005_0053_FC:3:1:1800:1269#0	1
ILLUMINA-075005_0053_FC:3:1:2186:1260#0	1
ILLUMINA-075005_0053_FC:3:1:2213:1264#0	1
ILLUMINA-075005_0053_FC:3:1:2831:1260#0	1
ILLUMINA-075005_0053_FC:3:1:3207:1267#0	1
ILLUMINA-075005_0053_FC:3:1:3389:1263#0	1
ILLUMINA-075005_0053_FC:3:1:3606:1264#0	1
ILLUMINA-075005_0053_FC:3:1:3833:1264#0	1
ILLUMINA-075005_0053_FC:3:1:3872:1261#0	1
ILLUMINA-075005_0053_FC:3:1:3959:1262#0	1
ILLUMINA-075005_0053_FC:3:1:5458:1262#0	1
ILLUMINA-075005_0053_FC:3:1:5522:1264#0	1
ILLUMINA-075005_0053_FC:3:1:5566:1259#0	1
ILLUMINA-075005_0053_FC:3:1:5778:1268#0	1
ILLUMINA-075005_0053_FC:3:1:5937:1269#0	1
ILLUMINA-075005_0053_FC:3:1:6410:1259#0	1
ILLUMINA-075005_0053_FC:3:1:6580:1263#0	1
ILLUMINA-075005_0053_FC:3:1:6995:1267#0	1
ILLUMINA-075005_0053_FC:3:1:7582:1264#0	1
ILLUMINA-075005_0053_FC:3:1:7659:1263#0	1
ILLUMINA-075005_0053_FC:3:1:7732:1267#0	1
ILLUMINA-075005_0053_FC:3:1:7883:1264#0	1
ILLUMINA-075005_0053_FC:3:1:8187:1268#0	1
ILLUMINA-075005_0053_FC:3:1:8213:1260#0	1
ILLUMINA-075005_0053_FC:3:1:8635:1264#0	1
ILLUMINA-075005_0053_FC:3:1:8676:1262#0	1
ILLUMINA-075005_0053_FC:3:1:8892:1261#0	1
ILLUMINA-075005_0053_FC:3:1:9035:1261#0	1
ILLUMINA-075005_0053_FC:3:1:9065:1264#0	1
ILLUMINA-075005_0053_FC:3:1:9088:1260#0	1
ILLUMINA-075005_0053_FC:3:1:9387:1265#0	1
ILLUMINA-075005_0053_FC:3:1:10193:1266#0	1
ILLUMINA-075005_0053_FC:3:1:10318:1270#0	1
ILLUMINA-075005_0053_FC:3:1:10875:1269#0	1
ILLUMINA-075005_0053_FC:3:1:11020:1261#0	1
ILLUMINA-075005_0053_FC:3:1:11115:1265#0	1
ILLUMINA-075005_0053_FC:3:1:11193:1266#0	1
ILLUMINA-075005_0053_FC:3:1:11522:1268#0	1
ILLUMINA-075005_0053_FC:3:1:11551:1261#0	1
ILLUMINA-075005_0053_FC:3:1:11646:1268#0	1
ILLUMINA-075005_0053_FC:3:1:11733:1268#0	1
ILLUMINA-075005_0053_FC:3:1:12080:1266#0	1
ILLUMINA-075005_0053_FC:3:1:12261:1269#0	1
ILLUMINA-075005_0053_FC:3:1:13017:1260#0	1
ILLUMINA-075005_0053_FC:3:1:13473:1268#0	1
ILLUMINA-075005_0053_FC:3:1:13875:1268#0	1
ILLUMINA-075005_0053_FC:3:1:13959:1267#0	1
ILLUMINA-075005_0053_FC:3:1:14308:1260#0	1
ILLUMINA-075005_0053_FC:3:1:15023:1259#0	1
ILLUMINA-075005_0053_FC:3:1:15409:1266#0	1
ILLUMINA-075005_0053_FC:3:1:15665:1262#0	1
ILLUMINA-075005_0053_FC:3:1:15742:1266#0	1
ILLUMINA-075005_0053_FC:3:1:15844:1259#0	1
ILLUMINA-075005_0053_FC:3:1:15940:1259#0	1
ILLUMINA-075005_0053_FC:3:1:15956:1270#0	1
ILLUMINA-075005_0053_FC:3:1:16071:1262#0	1
ILLUMINA-075005_0053_FC:3:1:16690:1259#0	1
ILLUMINA-075005_0053_FC:3:1:16742:1266#0	1
ILLUMINA-075005_0053_FC:3:1:17781:1268#0	1
ILLUMINA-075005_0053_FC:3:1:18342:1264#0	1
ILLUMINA-075005_0053_FC:3:1:18469:1263#0	1
ILLUMINA-075005_0053_FC:3:1:18679:1261#0	1
ILLUMINA-075005_0053_FC:3:1:18874:1270#0	1
ILLUMINA-075005_0053_FC:3:1:18897:1270#0	1
ILLUMINA-075005_0053_FC:3:1:19353:1269#0	1
ILLUMINA-075005_0053_FC:3:1:19412:1264#0	1
ILLUMINA-075005_0053_FC:3:1:19463:1270#0	1
ILLUMINA-075005_0053_FC:3:1:19726:1261#0	1
ILLUMINA-075005_0053_FC:3:1:1229:1273#0	1
ILLUMINA-075005_0053_FC:3:1:1749:1281#0	1
ILLUMINA-075005_0053_FC:3:1:2143:1281#0	1
ILLUMINA-075005_0053_FC:3:1:2595:1280#0	1
ILLUMINA-075005_0053_FC:3:1:3187:1271#0	1
ILLUMINA-075005_0053_FC:3:1:3349:1279#0	1
ILLUMINA-075005_0053_FC:3:1:3670:1273#0	1
ILLUMINA-075005_0053_FC:3:1:3720:1279#0	1
ILLUMINA-075005_0053_FC:3:1:4262:1279#0	1
ILLUMINA-075005_0053_FC:3:1:5061:1282#0	1
ILLUMINA-075005_0053_FC:3:1:5250:1272#0	1
ILLUMINA-075005_0053_FC:3:1:5333:1278#0	1
ILLUMINA-075005_0053_FC:3:1:5504:1279#0	1
ILLUMINA-075005_0053_FC:3:1:5537:1277#0	1
ILLUMINA-075005_0053_FC:3:1:5607:1279#0	1
ILLUMINA-075005_0053_FC:3:1:5758:1273#0	1
ILLUMINA-075005_0053_FC:3:1:5911:1271#0	1
ILLUMINA-075005_0053_FC:3:1:6465:1282#0	1
ILLUMINA-075005_0053_FC:3:1:7036:1282#0	1
ILLUMINA-075005_0053_FC:3:1:7398:1271#0	1
ILLUMINA-075005_0053_FC:3:1:7599:1274#0	1
ILLUMINA-075005_0053_FC:3:1:7960:1282#0	1
ILLUMINA-075005_0053_FC:3:1:8230:1270#0	1
ILLUMINA-075005_0053_FC:3:1:8603:1279#0	1
ILLUMINA-075005_0053_FC:3:1:8915:1280#0	1
ILLUMINA-075005_0053_FC:3:1:9000:1273#0	1
ILLUMINA-075005_0053_FC:3:1:9223:1279#0	1
ILLUMINA-075005_0053_FC:3:1:9290:1276#0	1
ILLUMINA-075005_0053_FC:3:1:10038:1282#0	1
ILLUMINA-075005_0053_FC:3:1:10214:1273#0	1
ILLUMINA-075005_0053_FC:3:1:10254:1273#0	1
ILLUMINA-075005_0053_FC:3:1:10692:1274#0	1
ILLUMINA-075005_0053_FC:3:1:10766:1280#0	1
ILLUMINA-075005_0053_FC:3:1:11691:1278#0	1
ILLUMINA-075005_0053_FC:3:1:12060:1271#0	1
ILLUMINA-075005_0053_FC:3:1:12177:1276#0	1
ILLUMINA-075005_0053_FC:3:1:12410:1274#0	1
ILLUMINA-075005_0053_FC:3:1:13534:1273#0	1
ILLUMINA-075005_0053_FC:3:1:14145:1271#0	1
ILLUMINA-075005_0053_FC:3:1:14464:1276#0	1
ILLUMINA-075005_0053_FC:3:1:14542:1276#0	1
ILLUMINA-075005_0053_FC:3:1:14707:1271#0	1
ILLUMINA-075005_0053_FC:3:1:15442:1282#0	1
ILLUMINA-075005_0053_FC:3:1:16017:1277#0	1
ILLUMINA-075005_0053_FC:3:1:16105:1278#0	1
ILLUMINA-075005_0053_FC:3:1:16158:1273#0	1
ILLUMINA-075005_0053_FC:3:1:16596:1272#0	1
ILLUMINA-075005_0053_FC:3:1:16905:1275#0	1
ILLUMINA-075005_0053_FC:3:1:17146:1271#0	1
ILLUMINA-075005_0053_FC:3:1:17173:1273#0	1
ILLUMINA-075005_0053_FC:3:1:17694:1281#0	1
ILLUMINA-075005_0053_FC:3:1:18133:1275#0	1
ILLUMINA-075005_0053_FC:3:1:18239:1279#0	6
ILLUMINA-075005_0053_FC:3:1:18274:1280#0	1
ILLUMINA-075005_0053_FC:3:1:18916:1279#0	1
ILLUMINA-075005_0053_FC:3:1:18986:1276#0	1
ILLUMINA-075005_0053_FC:3:1:19512:1280#0	1
ILLUMINA-075005_0053_FC:3:1:1724:1292#0	1
ILLUMINA-075005_0053_FC:3:1:2004:1293#0	1
ILLUMINA-075005_0053_FC:3:1:2916:1293#0	1
ILLUMINA-075005_0053_FC:3:1:3550:1286#0	1
ILLUMINA-075005_0053_FC:3:1:5150:1287#0	1
ILLUMINA-075005_0053_FC:3:1:5174:1289#0	1
ILLUMINA-075005_0053_FC:3:1:5245:1292#0	1
ILLUMINA-075005_0053_FC:3:1:5727:1294#0	1
ILLUMINA-075005_0053_FC:3:1:5787:1290#0	1
ILLUMINA-075005_0053_FC:3:1:6082:1291#0	1
ILLUMINA-075005_0053_FC:3:1:6407:1291#0	1
ILLUMINA-075005_0053_FC:3:1:6442:1293#0	1
ILLUMINA-075005_0053_FC:3:1:7172:1288#0	1
ILLUMINA-075005_0053_FC:3:1:7939:1283#0	1
ILLUMINA-075005_0053_FC:3:1:8139:1288#0	1
ILLUMINA-075005_0053_FC:3:1:8210:1292#0	1
ILLUMINA-075005_0053_FC:3:1:8355:1288#0	1
ILLUMINA-075005_0053_FC:3:1:8698:1284#0	1
ILLUMINA-075005_0053_FC:3:1:8990:1293#0	1
ILLUMINA-075005_0053_FC:3:1:9133:1284#0	1
ILLUMINA-075005_0053_FC:3:1:9404:1291#0	1
ILLUMINA-075005_0053_FC:3:1:9475:1292#0	1
ILLUMINA-075005_0053_FC:3:1:10016:1290#0	1
ILLUMINA-075005_0053_FC:3:1:10097:1290#0	1
ILLUMINA-075005_0053_FC:3:1:10326:1288#0	1
ILLUMINA-075005_0053_FC:3:1:11351:1293#0	1
ILLUMINA-075005_0053_FC:3:1:11445:1294#0	1
ILLUMINA-075005_0053_FC:3:1:11466:1289#0	1
ILLUMINA-075005_0053_FC:3:1:11672:1288#0	1
ILLUMINA-075005_0053_FC:3:1:11934:1284#0	1
ILLUMINA-075005_0053_FC:3:1:12495:1283#0	1
ILLUMINA-075005_0053_FC:3:1:13243:1292#0	1
ILLUMINA-075005_0053_FC:3:1:13553:1293#0	1
ILLUMINA-075005_0053_FC:3:1:13607:1291#0	1
ILLUMINA-075005_0053_FC:3:1:13748:1287#0	1
ILLUMINA-075005_0053_FC:3:1:13844:1287#0	1
ILLUMINA-075005_0053_FC:3:1:13870:1285#0	1
ILLUMINA-075005_0053_FC:3:1:13992:1282#0	1
ILLUMINA-075005_0053_FC:3:1:14073:1290#0	1
ILLUMINA-075005_0053_FC:3:1:14108:1291#0	1
ILLUMINA-075005_0053_FC:3:1:14305:1284#0	1
ILLUMINA-075005_0053_FC:3:1:14428:1286#0	1
ILLUMINA-075005_0053_FC:3:1:14502:1292#0	1
ILLUMINA-075005_0053_FC:3:1:15402:1283#0	1
ILLUMINA-075005_0053_FC:3:1:15486:1291#0	1
ILLUMINA-075005_0053_FC:3:1:15822:1283#0	1
ILLUMINA-075005_0053_FC:3:1:16280:1292#0	1
ILLUMINA-075005_0053_FC:3:1:16305:1287#0	1
ILLUMINA-075005_0053_FC:3:1:16490:1286#0	1
ILLUMINA-075005_0053_FC:3:1:16852:1284#0	1
ILLUMINA-075005_0053_FC:3:1:16992:1293#0	1
ILLUMINA-075005_0053_FC:3:1:17088:1285#0	1
ILLUMINA-075005_0053_FC:3:1:17173:1291#0	1
ILLUMINA-075005_0053_FC:3:1:17667:1285#0	1
ILLUMINA-075005_0053_FC:3:1:18347:1285#0	2
ILLUMINA-075005_0053_FC:3:1:18420:1286#0	1
ILLUMINA-075005_0053_FC:3:1:18772:1288#0	1
ILLUMINA-075005_0053_FC:3:1:18862:1288#0	1
ILLUMINA-075005_0053_FC:3:1:1106:1297#0	1
ILLUMINA-075005_0053_FC:3:1:1600:1302#0	1
ILLUMINA-075005_0053_FC:3:1:1764:1299#0	1
ILLUMINA-075005_0053_FC:3:1:2134:1298#0	1
ILLUMINA-075005_0053_FC:3:1:2282:1302#0	1
ILLUMINA-075005_0053_FC:3:1:2764:1300#0	1
ILLUMINA-075005_0053_FC:3:1:2858:1303#0	1
ILLUMINA-075005_0053_FC:3:1:3200:1297#0	1
ILLUMINA-075005_0053_FC:3:1:3222:1303#0	1
ILLUMINA-075005_0053_FC:3:1:3633:1297#0	1
ILLUMINA-075005_0053_FC:3:1:3659:1302#0	1
ILLUMINA-075005_0053_FC:3:1:3684:1294#0	1
ILLUMINA-075005_0053_FC:3:1:4278:1295#0	1
ILLUMINA-075005_0053_FC:3:1:4464:1296#0	1
ILLUMINA-075005_0053_FC:3:1:4655:1299#0	1
ILLUMINA-075005_0053_FC:3:1:4888:1303#0	1
ILLUMINA-075005_0053_FC:3:1:4953:1301#0	1
ILLUMINA-075005_0053_FC:3:1:5277:1305#0	1
ILLUMINA-075005_0053_FC:3:1:5317:1299#0	1
ILLUMINA-075005_0053_FC:3:1:5562:1295#0	1
ILLUMINA-075005_0053_FC:3:1:7694:1302#0	1
ILLUMINA-075005_0053_FC:3:1:7954:1299#0	1
ILLUMINA-075005_0053_FC:3:1:7992:1299#0	1
ILLUMINA-075005_0053_FC:3:1:8263:1295#0	1
ILLUMINA-075005_0053_FC:3:1:8498:1298#0	1
ILLUMINA-075005_0053_FC:3:1:8712:1303#0	1
ILLUMINA-075005_0053_FC:3:1:9106:1297#0	1
ILLUMINA-075005_0053_FC:3:1:9360:1301#0	1
ILLUMINA-075005_0053_FC:3:1:9591:1300#0	1
ILLUMINA-075005_0053_FC:3:1:9729:1303#0	1
ILLUMINA-075005_0053_FC:3:1:10146:1301#0	1
ILLUMINA-075005_0053_FC:3:1:10485:1297#0	1
ILLUMINA-075005_0053_FC:3:1:10604:1297#0	1
ILLUMINA-075005_0053_FC:3:1:10648:1300#0	1
ILLUMINA-075005_0053_FC:3:1:10811:1296#0	1
ILLUMINA-075005_0053_FC:3:1:11010:1301#0	1
ILLUMINA-075005_0053_FC:3:1:11151:1300#0	1
ILLUMINA-075005_0053_FC:3:1:11940:1303#0	1
ILLUMINA-075005_0053_FC:3:1:12038:1304#0	1
ILLUMINA-075005_0053_FC:3:1:12642:1303#0	1
ILLUMINA-075005_0053_FC:3:1:12915:1302#0	1
ILLUMINA-075005_0053_FC:3:1:12951:1300#0	1
ILLUMINA-075005_0053_FC:3:1:12972:1299#0	1
ILLUMINA-075005_0053_FC:3:1:13022:1294#0	1
ILLUMINA-075005_0053_FC:3:1:13232:1306#0	1
ILLUMINA-075005_0053_FC:3:1:13516:1300#0	1
ILLUMINA-075005_0053_FC:3:1:14365:1298#0	1
ILLUMINA-075005_0053_FC:3:1:14783:1302#0	1
ILLUMINA-075005_0053_FC:3:1:15016:1299#0	1
ILLUMINA-075005_0053_FC:3:1:15071:1297#0	1
ILLUMINA-075005_0053_FC:3:1:15344:1300#0	1
ILLUMINA-075005_0053_FC:3:1:15518:1303#0	1
ILLUMINA-075005_0053_FC:3:1:15592:1299#0	1
ILLUMINA-075005_0053_FC:3:1:15891:1300#0	1
ILLUMINA-075005_0053_FC:3:1:16123:1299#0	1
ILLUMINA-075005_0053_FC:3:1:16820:1301#0	1
ILLUMINA-075005_0053_FC:3:1:17482:1301#0	1
ILLUMINA-075005_0053_FC:3:1:17501:1303#0	1
ILLUMINA-075005_0053_FC:3:1:17535:1302#0	1
ILLUMINA-075005_0053_FC:3:1:17552:1298#0	1
ILLUMINA-075005_0053_FC:3:1:18338:1302#0	1
ILLUMINA-075005_0053_FC:3:1:18385:1301#0	1
ILLUMINA-075005_0053_FC:3:1:19029:1297#0	1
ILLUMINA-075005_0053_FC:3:1:19108:1301#0	1
ILLUMINA-075005_0053_FC:3:1:19565:1296#0	1
ILLUMINA-075005_0053_FC:3:1:19598:1303#0	1
ILLUMINA-075005_0053_FC:3:1:1555:1312#0	1
ILLUMINA-075005_0053_FC:3:1:1584:1316#0	1
ILLUMINA-075005_0053_FC:3:1:1637:1310#0	1
ILLUMINA-075005_0053_FC:3:1:1685:1309#0	1
ILLUMINA-075005_0053_FC:3:1:2544:1306#0	1
ILLUMINA-075005_0053_FC:3:1:3392:1309#0	4
ILLUMINA-075005_0053_FC:3:1:3646:1317#0	1
ILLUMINA-075005_0053_FC:3:1:4087:1308#0	1
ILLUMINA-075005_0053_FC:3:1:4255:1317#0	1
ILLUMINA-075005_0053_FC:3:1:4477:1311#0	1
ILLUMINA-075005_0053_FC:3:1:4547:1310#0	1
ILLUMINA-075005_0053_FC:3:1:4690:1306#0	1
ILLUMINA-075005_0053_FC:3:1:4765:1312#0	1
ILLUMINA-075005_0053_FC:3:1:4793:1312#0	1
ILLUMINA-075005_0053_FC:3:1:5083:1313#0	1
ILLUMINA-075005_0053_FC:3:1:5202:1316#0	1
ILLUMINA-075005_0053_FC:3:1:5456:1313#0	1
ILLUMINA-075005_0053_FC:3:1:5910:1310#0	1
ILLUMINA-075005_0053_FC:3:1:5951:1317#0	1
ILLUMINA-075005_0053_FC:3:1:6655:1311#0	1
ILLUMINA-075005_0053_FC:3:1:6854:1312#0	1
ILLUMINA-075005_0053_FC:3:1:6932:1309#0	1
ILLUMINA-075005_0053_FC:3:1:7515:1309#0	1
ILLUMINA-075005_0053_FC:3:1:7774:1315#0	1
ILLUMINA-075005_0053_FC:3:1:8743:1310#0	1
ILLUMINA-075005_0053_FC:3:1:9315:1309#0	1
ILLUMINA-075005_0053_FC:3:1:9461:1311#0	1
ILLUMINA-075005_0053_FC:3:1:9487:1309#0	1
ILLUMINA-075005_0053_FC:3:1:9752:1316#0	1
ILLUMINA-075005_0053_FC:3:1:9983:1312#0	1
ILLUMINA-075005_0053_FC:3:1:10563:1310#0	1
ILLUMINA-075005_0053_FC:3:1:10686:1309#0	1
ILLUMINA-075005_0053_FC:3:1:10981:1308#0	1
ILLUMINA-075005_0053_FC:3:1:11803:1311#0	1
ILLUMINA-075005_0053_FC:3:1:12269:1306#0	1
ILLUMINA-075005_0053_FC:3:1:12304:1307#0	1
ILLUMINA-075005_0053_FC:3:1:12534:1317#0	1
ILLUMINA-075005_0053_FC:3:1:12581:1316#0	1
ILLUMINA-075005_0053_FC:3:1:12689:1308#0	1
ILLUMINA-075005_0053_FC:3:1:13107:1313#0	1
ILLUMINA-075005_0053_FC:3:1:13152:1316#0	1
ILLUMINA-075005_0053_FC:3:1:13398:1306#0	1
ILLUMINA-075005_0053_FC:3:1:13604:1317#0	1
ILLUMINA-075005_0053_FC:3:1:14003:1312#0	1
ILLUMINA-075005_0053_FC:3:1:15076:1315#0	1
ILLUMINA-075005_0053_FC:3:1:15369:1309#0	1
ILLUMINA-075005_0053_FC:3:1:15556:1315#0	1
ILLUMINA-075005_0053_FC:3:1:15654:1316#0	1
ILLUMINA-075005_0053_FC:3:1:15940:1315#0	1
ILLUMINA-075005_0053_FC:3:1:16106:1313#0	1
ILLUMINA-075005_0053_FC:3:1:16166:1314#0	1
ILLUMINA-075005_0053_FC:3:1:16575:1316#0	1
ILLUMINA-075005_0053_FC:3:1:17414:1317#0	1
ILLUMINA-075005_0053_FC:3:1:17715:1307#0	1
ILLUMINA-075005_0053_FC:3:1:19028:1315#0	1
ILLUMINA-075005_0053_FC:3:1:19162:1316#0	1
ILLUMINA-075005_0053_FC:3:1:19403:1311#0	1
ILLUMINA-075005_0053_FC:3:1:1281:1327#0	1
ILLUMINA-075005_0053_FC:3:1:1362:1325#0	1
ILLUMINA-075005_0053_FC:3:1:1529:1321#0	1
ILLUMINA-075005_0053_FC:3:1:1743:1323#0	1
ILLUMINA-075005_0053_FC:3:1:1811:1318#0	1
ILLUMINA-075005_0053_FC:3:1:2326:1327#0	1
ILLUMINA-075005_0053_FC:3:1:2587:1324#0	1
ILLUMINA-075005_0053_FC:3:1:2848:1324#0	1
ILLUMINA-075005_0053_FC:3:1:2968:1323#0	1
ILLUMINA-075005_0053_FC:3:1:3369:1325#0	1
ILLUMINA-075005_0053_FC:3:1:3835:1325#0	1
ILLUMINA-075005_0053_FC:3:1:4110:1321#0	1
ILLUMINA-075005_0053_FC:3:1:4273:1324#0	1
ILLUMINA-075005_0053_FC:3:1:4299:1320#0	1
ILLUMINA-075005_0053_FC:3:1:4417:1322#0	1
ILLUMINA-075005_0053_FC:3:1:4502:1321#0	1
ILLUMINA-075005_0053_FC:3:1:4541:1328#0	1
ILLUMINA-075005_0053_FC:3:1:4608:1327#0	1
ILLUMINA-075005_0053_FC:3:1:5103:1326#0	1
ILLUMINA-075005_0053_FC:3:1:5979:1319#0	1
ILLUMINA-075005_0053_FC:3:1:6239:1321#0	1
ILLUMINA-075005_0053_FC:3:1:6555:1319#0	1
ILLUMINA-075005_0053_FC:3:1:7115:1320#0	1
ILLUMINA-075005_0053_FC:3:1:7553:1326#0	1
ILLUMINA-075005_0053_FC:3:1:7654:1328#0	1
ILLUMINA-075005_0053_FC:3:1:7723:1318#0	1
ILLUMINA-075005_0053_FC:3:1:8462:1324#0	1
ILLUMINA-075005_0053_FC:3:1:8626:1317#0	1
ILLUMINA-075005_0053_FC:3:1:8792:1318#0	1
ILLUMINA-075005_0053_FC:3:1:9102:1323#0	1
ILLUMINA-075005_0053_FC:3:1:9178:1319#0	1
ILLUMINA-075005_0053_FC:3:1:9567:1325#0	1
ILLUMINA-075005_0053_FC:3:1:9793:1325#0	1
ILLUMINA-075005_0053_FC:3:1:10608:1320#0	1
ILLUMINA-075005_0053_FC:3:1:10678:1327#0	1
ILLUMINA-075005_0053_FC:3:1:11061:1320#0	1
ILLUMINA-075005_0053_FC:3:1:11846:1324#0	1
ILLUMINA-075005_0053_FC:3:1:11887:1325#0	1
ILLUMINA-075005_0053_FC:3:1:12449:1318#0	1
ILLUMINA-075005_0053_FC:3:1:12688:1328#0	1
ILLUMINA-075005_0053_FC:3:1:12881:1321#0	1
ILLUMINA-075005_0053_FC:3:1:14083:1320#0	1
ILLUMINA-075005_0053_FC:3:1:14361:1318#0	1
ILLUMINA-075005_0053_FC:3:1:15166:1318#0	1
ILLUMINA-075005_0053_FC:3:1:15233:1322#0	1
ILLUMINA-075005_0053_FC:3:1:15304:1329#0	1
ILLUMINA-075005_0053_FC:3:1:15348:1328#0	1
ILLUMINA-075005_0053_FC:3:1:16266:1323#0	1
ILLUMINA-075005_0053_FC:3:1:16411:1319#0	1
ILLUMINA-075005_0053_FC:3:1:16693:1326#0	1
ILLUMINA-075005_0053_FC:3:1:16877:1325#0	1
ILLUMINA-075005_0053_FC:3:1:17194:1326#0	1
ILLUMINA-075005_0053_FC:3:1:17295:1321#0	1
ILLUMINA-075005_0053_FC:3:1:17633:1327#0	1
ILLUMINA-075005_0053_FC:3:1:17659:1329#0	1
ILLUMINA-075005_0053_FC:3:1:18200:1320#0	1
ILLUMINA-075005_0053_FC:3:1:18492:1319#0	1
ILLUMINA-075005_0053_FC:3:1:18888:1324#0	1
ILLUMINA-075005_0053_FC:3:1:19415:1323#0	1
ILLUMINA-075005_0053_FC:3:1:19550:1322#0	1
ILLUMINA-075005_0053_FC:3:1:1045:1339#0	1
ILLUMINA-075005_0053_FC:3:1:1914:1338#0	1
ILLUMINA-075005_0053_FC:3:1:2087:1335#0	1
ILLUMINA-075005_0053_FC:3:1:2108:1337#0	1
ILLUMINA-075005_0053_FC:3:1:2569:1340#0	1
ILLUMINA-075005_0053_FC:3:1:2795:1337#0	1
ILLUMINA-075005_0053_FC:3:1:3170:1340#0	1
ILLUMINA-075005_0053_FC:3:1:3222:1334#0	1
ILLUMINA-075005_0053_FC:3:1:3556:1339#0	1
ILLUMINA-075005_0053_FC:3:1:3590:1330#0	1
ILLUMINA-075005_0053_FC:3:1:4235:1337#0	1
ILLUMINA-075005_0053_FC:3:1:4627:1336#0	1
ILLUMINA-075005_0053_FC:3:1:4719:1335#0	1
ILLUMINA-075005_0053_FC:3:1:4880:1336#0	1
ILLUMINA-075005_0053_FC:3:1:5052:1331#0	1
ILLUMINA-075005_0053_FC:3:1:5951:1339#0	1
ILLUMINA-075005_0053_FC:3:1:6123:1332#0	1
ILLUMINA-075005_0053_FC:3:1:6693:1336#0	1
ILLUMINA-075005_0053_FC:3:1:7277:1331#0	1
ILLUMINA-075005_0053_FC:3:1:7429:1338#0	1
ILLUMINA-075005_0053_FC:3:1:7678:1336#0	1
ILLUMINA-075005_0053_FC:3:1:7818:1332#0	1
ILLUMINA-075005_0053_FC:3:1:8263:1338#0	1
ILLUMINA-075005_0053_FC:3:1:8480:1337#0	1
ILLUMINA-075005_0053_FC:3:1:8655:1332#0	1
ILLUMINA-075005_0053_FC:3:1:8675:1330#0	1
ILLUMINA-075005_0053_FC:3:1:8917:1334#0	1
ILLUMINA-075005_0053_FC:3:1:9293:1332#0	1
ILLUMINA-075005_0053_FC:3:1:9847:1335#0	1
ILLUMINA-075005_0053_FC:3:1:9895:1338#0	1
ILLUMINA-075005_0053_FC:3:1:10325:1339#0	1
ILLUMINA-075005_0053_FC:3:1:10423:1340#0	1
ILLUMINA-075005_0053_FC:3:1:10618:1338#0	1
ILLUMINA-075005_0053_FC:3:1:11093:1331#0	1
ILLUMINA-075005_0053_FC:3:1:11148:1338#0	1
ILLUMINA-075005_0053_FC:3:1:11294:1330#0	1
ILLUMINA-075005_0053_FC:3:1:11316:1333#0	1
ILLUMINA-075005_0053_FC:3:1:11511:1341#0	1
ILLUMINA-075005_0053_FC:3:1:11587:1332#0	1
ILLUMINA-075005_0053_FC:3:1:12374:1339#0	1
ILLUMINA-075005_0053_FC:3:1:12414:1340#0	1
ILLUMINA-075005_0053_FC:3:1:12613:1330#0	1
ILLUMINA-075005_0053_FC:3:1:13035:1339#0	1
ILLUMINA-075005_0053_FC:3:1:13123:1341#0	1
ILLUMINA-075005_0053_FC:3:1:13752:1338#0	1
ILLUMINA-075005_0053_FC:3:1:14478:1340#0	1
ILLUMINA-075005_0053_FC:3:1:14826:1332#0	1
ILLUMINA-075005_0053_FC:3:1:14907:1336#0	1
ILLUMINA-075005_0053_FC:3:1:14996:1340#0	1
ILLUMINA-075005_0053_FC:3:1:15395:1339#0	1
ILLUMINA-075005_0053_FC:3:1:16011:1335#0	1
ILLUMINA-075005_0053_FC:3:1:16396:1336#0	1
ILLUMINA-075005_0053_FC:3:1:16507:1341#0	1
ILLUMINA-075005_0053_FC:3:1:16535:1335#0	1
ILLUMINA-075005_0053_FC:3:1:16844:1330#0	1
ILLUMINA-075005_0053_FC:3:1:17817:1336#0	1
ILLUMINA-075005_0053_FC:3:1:18014:1333#0	1
ILLUMINA-075005_0053_FC:3:1:18277:1333#0	1
ILLUMINA-075005_0053_FC:3:1:18300:1340#0	1
ILLUMINA-075005_0053_FC:3:1:18349:1338#0	1
ILLUMINA-075005_0053_FC:3:1:19272:1339#0	1
ILLUMINA-075005_0053_FC:3:1:19468:1330#0	1
ILLUMINA-075005_0053_FC:3:1:19675:1331#0	1
ILLUMINA-075005_0053_FC:3:1:19715:1332#0	1
ILLUMINA-075005_0053_FC:3:1:1219:1352#0	1
ILLUMINA-075005_0053_FC:3:1:1237:1347#0	1
ILLUMINA-075005_0053_FC:3:1:2018:1343#0	1
ILLUMINA-075005_0053_FC:3:1:2360:1341#0	1
ILLUMINA-075005_0053_FC:3:1:2751:1343#0	1
ILLUMINA-075005_0053_FC:3:1:2953:1345#0	1
ILLUMINA-075005_0053_FC:3:1:3696:1345#0	1
ILLUMINA-075005_0053_FC:3:1:4204:1351#0	1
ILLUMINA-075005_0053_FC:3:1:4705:1352#0	1
ILLUMINA-075005_0053_FC:3:1:5810:1352#0	1
ILLUMINA-075005_0053_FC:3:1:5835:1350#0	1
ILLUMINA-075005_0053_FC:3:1:6081:1347#0	1
ILLUMINA-075005_0053_FC:3:1:6349:1351#0	1
ILLUMINA-075005_0053_FC:3:1:6457:1342#0	1
ILLUMINA-075005_0053_FC:3:1:6747:1346#0	1
ILLUMINA-075005_0053_FC:3:1:8133:1345#0	1
ILLUMINA-075005_0053_FC:3:1:8376:1350#0	1
ILLUMINA-075005_0053_FC:3:1:8754:1341#0	1
ILLUMINA-075005_0053_FC:3:1:8881:1352#0	1
ILLUMINA-075005_0053_FC:3:1:8991:1349#0	1
ILLUMINA-075005_0053_FC:3:1:9536:1341#0	1
ILLUMINA-075005_0053_FC:3:1:10065:1345#0	1
ILLUMINA-075005_0053_FC:3:1:10160:1351#0	1
ILLUMINA-075005_0053_FC:3:1:10396:1351#0	1
ILLUMINA-075005_0053_FC:3:1:11234:1346#0	1
ILLUMINA-075005_0053_FC:3:1:11682:1351#0	1
ILLUMINA-075005_0053_FC:3:1:11734:1344#0	1
ILLUMINA-075005_0053_FC:3:1:12038:1346#0	1
ILLUMINA-075005_0053_FC:3:1:12928:1345#0	1
ILLUMINA-075005_0053_FC:3:1:13097:1350#0	1
ILLUMINA-075005_0053_FC:3:1:13688:1343#0	1
ILLUMINA-075005_0053_FC:3:1:13974:1347#0	1
ILLUMINA-075005_0053_FC:3:1:14058:1341#0	1
ILLUMINA-075005_0053_FC:3:1:14259:1344#0	1
ILLUMINA-075005_0053_FC:3:1:14439:1348#0	1
ILLUMINA-075005_0053_FC:3:1:14558:1343#0	1
ILLUMINA-075005_0053_FC:3:1:15032:1351#0	1
ILLUMINA-075005_0053_FC:3:1:15509:1346#0	1
ILLUMINA-075005_0053_FC:3:1:15732:1351#0	1
ILLUMINA-075005_0053_FC:3:1:15882:1350#0	1
ILLUMINA-075005_0053_FC:3:1:16373:1346#0	1
ILLUMINA-075005_0053_FC:3:1:16684:1353#0	1
ILLUMINA-075005_0053_FC:3:1:16823:1350#0	1
ILLUMINA-075005_0053_FC:3:1:17360:1349#0	1
ILLUMINA-075005_0053_FC:3:1:17548:1346#0	1
ILLUMINA-075005_0053_FC:3:1:17956:1346#0	1
ILLUMINA-075005_0053_FC:3:1:18051:1351#0	1
ILLUMINA-075005_0053_FC:3:1:18380:1351#0	1
ILLUMINA-075005_0053_FC:3:1:18891:1352#0	1
ILLUMINA-075005_0053_FC:3:1:18977:1351#0	1
ILLUMINA-075005_0053_FC:3:1:19304:1349#0	1
ILLUMINA-075005_0053_FC:3:1:19500:1350#0	1
ILLUMINA-075005_0053_FC:3:1:1869:1364#0	1
ILLUMINA-075005_0053_FC:3:1:1977:1360#0	1
ILLUMINA-075005_0053_FC:3:1:2587:1357#0	1
ILLUMINA-075005_0053_FC:3:1:2870:1353#0	1
ILLUMINA-075005_0053_FC:3:1:3769:1355#0	1
ILLUMINA-075005_0053_FC:3:1:4378:1356#0	1
ILLUMINA-075005_0053_FC:3:1:4513:1364#0	4
ILLUMINA-075005_0053_FC:3:1:4585:1359#0	1
ILLUMINA-075005_0053_FC:3:1:4649:1359#0	1
ILLUMINA-075005_0053_FC:3:1:4843:1354#0	1
ILLUMINA-075005_0053_FC:3:1:4870:1361#0	1
ILLUMINA-075005_0053_FC:3:1:5109:1362#0	1
ILLUMINA-075005_0053_FC:3:1:5460:1357#0	1
ILLUMINA-075005_0053_FC:3:1:5530:1353#0	1
ILLUMINA-075005_0053_FC:3:1:6403:1364#0	1
ILLUMINA-075005_0053_FC:3:1:6688:1357#0	1
ILLUMINA-075005_0053_FC:3:1:6887:1356#0	1
ILLUMINA-075005_0053_FC:3:1:7003:1364#0	1
ILLUMINA-075005_0053_FC:3:1:7226:1357#0	1
ILLUMINA-075005_0053_FC:3:1:7358:1358#0	1
ILLUMINA-075005_0053_FC:3:1:8345:1355#0	1
ILLUMINA-075005_0053_FC:3:1:8814:1361#0	1
ILLUMINA-075005_0053_FC:3:1:9321:1356#0	1
ILLUMINA-075005_0053_FC:3:1:9359:1356#0	1
ILLUMINA-075005_0053_FC:3:1:9869:1358#0	1
ILLUMINA-075005_0053_FC:3:1:9925:1363#0	1
ILLUMINA-075005_0053_FC:3:1:10217:1359#0	1
ILLUMINA-075005_0053_FC:3:1:11055:1363#0	1
ILLUMINA-075005_0053_FC:3:1:11108:1361#0	1
ILLUMINA-075005_0053_FC:3:1:11475:1355#0	1
ILLUMINA-075005_0053_FC:3:1:11933:1357#0	1
ILLUMINA-075005_0053_FC:3:1:11983:1360#0	1
ILLUMINA-075005_0053_FC:3:1:13016:1359#0	1
ILLUMINA-075005_0053_FC:3:1:13746:1360#0	1
ILLUMINA-075005_0053_FC:3:1:14154:1360#0	1
ILLUMINA-075005_0053_FC:3:1:14552:1360#0	1
ILLUMINA-075005_0053_FC:3:1:14635:1358#0	1
ILLUMINA-075005_0053_FC:3:1:14827:1355#0	1
ILLUMINA-075005_0053_FC:3:1:15013:1357#0	1
ILLUMINA-075005_0053_FC:3:1:15373:1354#0	1
ILLUMINA-075005_0053_FC:3:1:15685:1358#0	1
ILLUMINA-075005_0053_FC:3:1:15774:1358#0	1
ILLUMINA-075005_0053_FC:3:1:16924:1353#0	1
ILLUMINA-075005_0053_FC:3:1:17337:1357#0	1
ILLUMINA-075005_0053_FC:3:1:17419:1356#0	1
ILLUMINA-075005_0053_FC:3:1:17533:1364#0	1
ILLUMINA-075005_0053_FC:3:1:17656:1359#0	1
ILLUMINA-075005_0053_FC:3:1:17838:1354#0	1
ILLUMINA-075005_0053_FC:3:1:17933:1363#0	1
ILLUMINA-075005_0053_FC:3:1:18098:1360#0	1
ILLUMINA-075005_0053_FC:3:1:19219:1356#0	1
ILLUMINA-075005_0053_FC:3:1:19533:1360#0	1
ILLUMINA-075005_0053_FC:3:1:19552:1362#0	1
ILLUMINA-075005_0053_FC:3:1:1634:1368#0	1
ILLUMINA-075005_0053_FC:3:1:2497:1366#0	1
ILLUMINA-075005_0053_FC:3:1:2786:1371#0	1
ILLUMINA-075005_0053_FC:3:1:3027:1374#0	1
ILLUMINA-075005_0053_FC:3:1:3072:1376#0	1
ILLUMINA-075005_0053_FC:3:1:3136:1368#0	1
ILLUMINA-075005_0053_FC:3:1:3226:1365#0	1
ILLUMINA-075005_0053_FC:3:1:3427:1369#0	1
ILLUMINA-075005_0053_FC:3:1:3711:1367#0	1
ILLUMINA-075005_0053_FC:3:1:4561:1372#0	1
ILLUMINA-075005_0053_FC:3:1:4729:1374#0	1
ILLUMINA-075005_0053_FC:3:1:4823:1374#0	1
ILLUMINA-075005_0053_FC:3:1:4998:1373#0	1
ILLUMINA-075005_0053_FC:3:1:5059:1372#0	1
ILLUMINA-075005_0053_FC:3:1:5596:1375#0	1
ILLUMINA-075005_0053_FC:3:1:5807:1373#0	1
ILLUMINA-075005_0053_FC:3:1:6140:1374#0	1
ILLUMINA-075005_0053_FC:3:1:7162:1373#0	1
ILLUMINA-075005_0053_FC:3:1:7529:1373#0	1
ILLUMINA-075005_0053_FC:3:1:7623:1366#0	1
ILLUMINA-075005_0053_FC:3:1:8128:1368#0	1
ILLUMINA-075005_0053_FC:3:1:9181:1368#0	1
ILLUMINA-075005_0053_FC:3:1:9349:1375#0	1
ILLUMINA-075005_0053_FC:3:1:9710:1366#0	1
ILLUMINA-075005_0053_FC:3:1:9964:1365#0	1
ILLUMINA-075005_0053_FC:3:1:10011:1368#0	1
ILLUMINA-075005_0053_FC:3:1:10269:1374#0	1
ILLUMINA-075005_0053_FC:3:1:10344:1372#0	1
ILLUMINA-075005_0053_FC:3:1:10426:1374#0	1
ILLUMINA-075005_0053_FC:3:1:10499:1370#0	1
ILLUMINA-075005_0053_FC:3:1:11266:1371#0	1
ILLUMINA-075005_0053_FC:3:1:11320:1374#0	1
ILLUMINA-075005_0053_FC:3:1:11445:1368#0	1
ILLUMINA-075005_0053_FC:3:1:11631:1370#0	1
ILLUMINA-075005_0053_FC:3:1:11856:1374#0	7
ILLUMINA-075005_0053_FC:3:1:13207:1373#0	1
ILLUMINA-075005_0053_FC:3:1:13586:1365#0	1
ILLUMINA-075005_0053_FC:3:1:13810:1375#0	1
ILLUMINA-075005_0053_FC:3:1:14393:1369#0	1
ILLUMINA-075005_0053_FC:3:1:14924:1375#0	1
ILLUMINA-075005_0053_FC:3:1:15215:1366#0	1
ILLUMINA-075005_0053_FC:3:1:15529:1365#0	1
ILLUMINA-075005_0053_FC:3:1:15583:1375#0	1
ILLUMINA-075005_0053_FC:3:1:15934:1366#0	1
ILLUMINA-075005_0053_FC:3:1:16120:1368#0	1
ILLUMINA-075005_0053_FC:3:1:16328:1369#0	1
ILLUMINA-075005_0053_FC:3:1:16360:1366#0	1
ILLUMINA-075005_0053_FC:3:1:16729:1370#0	1
ILLUMINA-075005_0053_FC:3:1:17260:1369#0	1
ILLUMINA-075005_0053_FC:3:1:17489:1368#0	1
ILLUMINA-075005_0053_FC:3:1:17773:1366#0	1
ILLUMINA-075005_0053_FC:3:1:17996:1366#0	1
ILLUMINA-075005_0053_FC:3:1:18345:1369#0	1
ILLUMINA-075005_0053_FC:3:1:18501:1365#0	1
ILLUMINA-075005_0053_FC:3:1:18725:1365#0	1
ILLUMINA-075005_0053_FC:3:1:18768:1373#0	1
ILLUMINA-075005_0053_FC:3:1:19295:1369#0	1
ILLUMINA-075005_0053_FC:3:1:19456:1368#0	1
ILLUMINA-075005_0053_FC:3:1:19514:1368#0	1
ILLUMINA-075005_0053_FC:3:1:1370:1379#0	1
ILLUMINA-075005_0053_FC:3:1:1407:1387#0	1
ILLUMINA-075005_0053_FC:3:1:1582:1386#0	1
ILLUMINA-075005_0053_FC:3:1:2374:1384#0	1
ILLUMINA-075005_0053_FC:3:1:2536:1378#0	1
ILLUMINA-075005_0053_FC:3:1:2663:1383#0	1
ILLUMINA-075005_0053_FC:3:1:2766:1381#0	1
ILLUMINA-075005_0053_FC:3:1:2967:1377#0	1
ILLUMINA-075005_0053_FC:3:1:3149:1381#0	1
ILLUMINA-075005_0053_FC:3:1:3377:1385#0	1
ILLUMINA-075005_0053_FC:3:1:3622:1387#0	1
ILLUMINA-075005_0053_FC:3:1:3952:1382#0	1
ILLUMINA-075005_0053_FC:3:1:4378:1378#0	1
ILLUMINA-075005_0053_FC:3:1:5433:1385#0	1
ILLUMINA-075005_0053_FC:3:1:5547:1379#0	1
ILLUMINA-075005_0053_FC:3:1:6368:1378#0	1
ILLUMINA-075005_0053_FC:3:1:6688:1381#0	1
ILLUMINA-075005_0053_FC:3:1:6843:1383#0	1
ILLUMINA-075005_0053_FC:3:1:7434:1382#0	1
ILLUMINA-075005_0053_FC:3:1:7843:1388#0	1
ILLUMINA-075005_0053_FC:3:1:8319:1385#0	1
ILLUMINA-075005_0053_FC:3:1:8452:1386#0	1
ILLUMINA-075005_0053_FC:3:1:8779:1387#0	1
ILLUMINA-075005_0053_FC:3:1:9457:1386#0	1
ILLUMINA-075005_0053_FC:3:1:9544:1383#0	1
ILLUMINA-075005_0053_FC:3:1:9603:1383#0	1
ILLUMINA-075005_0053_FC:3:1:9684:1377#0	1
ILLUMINA-075005_0053_FC:3:1:10362:1386#0	1
ILLUMINA-075005_0053_FC:3:1:10715:1377#0	1
ILLUMINA-075005_0053_FC:3:1:10788:1379#0	1
ILLUMINA-075005_0053_FC:3:1:10822:1378#0	1
ILLUMINA-075005_0053_FC:3:1:10979:1378#0	1
ILLUMINA-075005_0053_FC:3:1:11002:1385#0	1
ILLUMINA-075005_0053_FC:3:1:11563:1383#0	1
ILLUMINA-075005_0053_FC:3:1:11595:1378#0	1
ILLUMINA-075005_0053_FC:3:1:11940:1381#0	1
ILLUMINA-075005_0053_FC:3:1:12565:1385#0	1
ILLUMINA-075005_0053_FC:3:1:13111:1379#0	1
ILLUMINA-075005_0053_FC:3:1:13893:1381#0	1
ILLUMINA-075005_0053_FC:3:1:14115:1379#0	1
ILLUMINA-075005_0053_FC:3:1:14361:1381#0	1
ILLUMINA-075005_0053_FC:3:1:14581:1380#0	1
ILLUMINA-075005_0053_FC:3:1:14734:1386#0	1
ILLUMINA-075005_0053_FC:3:1:15377:1381#0	1
ILLUMINA-075005_0053_FC:3:1:15441:1382#0	1
ILLUMINA-075005_0053_FC:3:1:16029:1388#0	1
ILLUMINA-075005_0053_FC:3:1:16471:1387#0	1
ILLUMINA-075005_0053_FC:3:1:16642:1378#0	1
ILLUMINA-075005_0053_FC:3:1:16666:1382#0	1
ILLUMINA-075005_0053_FC:3:1:17373:1388#0	1
ILLUMINA-075005_0053_FC:3:1:17677:1379#0	1
ILLUMINA-075005_0053_FC:3:1:18208:1381#0	1
ILLUMINA-075005_0053_FC:3:1:18483:1388#0	1
ILLUMINA-075005_0053_FC:3:1:18506:1388#0	1
ILLUMINA-075005_0053_FC:3:1:18915:1382#0	1
ILLUMINA-075005_0053_FC:3:1:19232:1385#0	1
ILLUMINA-075005_0053_FC:3:1:19424:1387#0	1
ILLUMINA-075005_0053_FC:3:1:1267:1396#0	1
ILLUMINA-075005_0053_FC:3:1:1486:1396#0	1
ILLUMINA-075005_0053_FC:3:1:1598:1394#0	1
ILLUMINA-075005_0053_FC:3:1:1825:1395#0	1
ILLUMINA-075005_0053_FC:3:1:1988:1392#0	1
ILLUMINA-075005_0053_FC:3:1:2593:1388#0	1
ILLUMINA-075005_0053_FC:3:1:3534:1399#0	1
ILLUMINA-075005_0053_FC:3:1:4204:1396#0	1
ILLUMINA-075005_0053_FC:3:1:4552:1388#0	1
ILLUMINA-075005_0053_FC:3:1:5178:1398#0	1
ILLUMINA-075005_0053_FC:3:1:5729:1394#0	1
ILLUMINA-075005_0053_FC:3:1:6094:1394#0	1
ILLUMINA-075005_0053_FC:3:1:6129:1389#0	1
ILLUMINA-075005_0053_FC:3:1:6388:1390#0	1
ILLUMINA-075005_0053_FC:3:1:7015:1394#0	1
ILLUMINA-075005_0053_FC:3:1:7744:1388#0	1
ILLUMINA-075005_0053_FC:3:1:8094:1398#0	1
ILLUMINA-075005_0053_FC:3:1:8379:1393#0	1
ILLUMINA-075005_0053_FC:3:1:8741:1398#0	1
ILLUMINA-075005_0053_FC:3:1:9161:1391#0	1
ILLUMINA-075005_0053_FC:3:1:9298:1388#0	1
ILLUMINA-075005_0053_FC:3:1:9329:1391#0	1
ILLUMINA-075005_0053_FC:3:1:10176:1398#0	1
ILLUMINA-075005_0053_FC:3:1:10213:1395#0	1
ILLUMINA-075005_0053_FC:3:1:10265:1393#0	1
ILLUMINA-075005_0053_FC:3:1:10383:1391#0	1
ILLUMINA-075005_0053_FC:3:1:10492:1396#0	1
ILLUMINA-075005_0053_FC:3:1:10523:1396#0	1
ILLUMINA-075005_0053_FC:3:1:10727:1390#0	1
ILLUMINA-075005_0053_FC:3:1:10946:1392#0	1
ILLUMINA-075005_0053_FC:3:1:11075:1393#0	1
ILLUMINA-075005_0053_FC:3:1:11482:1394#0	1
ILLUMINA-075005_0053_FC:3:1:11503:1395#0	1
ILLUMINA-075005_0053_FC:3:1:11604:1398#0	1
ILLUMINA-075005_0053_FC:3:1:11779:1399#0	1
ILLUMINA-075005_0053_FC:3:1:12043:1388#0	1
ILLUMINA-075005_0053_FC:3:1:13189:1391#0	1
ILLUMINA-075005_0053_FC:3:1:13405:1393#0	1
ILLUMINA-075005_0053_FC:3:1:13422:1399#0	1
ILLUMINA-075005_0053_FC:3:1:13580:1398#0	1
ILLUMINA-075005_0053_FC:3:1:13622:1394#0	1
ILLUMINA-075005_0053_FC:3:1:14190:1398#0	1
ILLUMINA-075005_0053_FC:3:1:15034:1399#0	1
ILLUMINA-075005_0053_FC:3:1:15189:1391#0	1
ILLUMINA-075005_0053_FC:3:1:15466:1395#0	1
ILLUMINA-075005_0053_FC:3:1:16090:1391#0	1
ILLUMINA-075005_0053_FC:3:1:16263:1391#0	1
ILLUMINA-075005_0053_FC:3:1:17269:1389#0	1
ILLUMINA-075005_0053_FC:3:1:17444:1390#0	1
ILLUMINA-075005_0053_FC:3:1:17692:1393#0	1
ILLUMINA-075005_0053_FC:3:1:17721:1396#0	1
ILLUMINA-075005_0053_FC:3:1:17802:1397#0	1
ILLUMINA-075005_0053_FC:3:1:18306:1391#0	1
ILLUMINA-075005_0053_FC:3:1:18529:1394#0	1
ILLUMINA-075005_0053_FC:3:1:18836:1392#0	1
ILLUMINA-075005_0053_FC:3:1:19409:1395#0	1
ILLUMINA-075005_0053_FC:3:1:1127:1407#0	1
ILLUMINA-075005_0053_FC:3:1:2413:1408#0	1
ILLUMINA-075005_0053_FC:3:1:2916:1403#0	1
ILLUMINA-075005_0053_FC:3:1:3032:1406#0	1
ILLUMINA-075005_0053_FC:3:1:3628:1411#0	1
ILLUMINA-075005_0053_FC:3:1:4149:1407#0	1
ILLUMINA-075005_0053_FC:3:1:4793:1409#0	1
ILLUMINA-075005_0053_FC:3:1:4972:1403#0	1
ILLUMINA-075005_0053_FC:3:1:5688:1410#0	1
ILLUMINA-075005_0053_FC:3:1:5976:1408#0	1
ILLUMINA-075005_0053_FC:3:1:6516:1401#0	1
ILLUMINA-075005_0053_FC:3:1:6804:1402#0	1
ILLUMINA-075005_0053_FC:3:1:6848:1402#0	1
ILLUMINA-075005_0053_FC:3:1:7225:1402#0	1
ILLUMINA-075005_0053_FC:3:1:7243:1407#0	1
ILLUMINA-075005_0053_FC:3:1:7289:1408#0	1
ILLUMINA-075005_0053_FC:3:1:7509:1402#0	1
ILLUMINA-075005_0053_FC:3:1:8126:1410#0	1
ILLUMINA-075005_0053_FC:3:1:8260:1408#0	1
ILLUMINA-075005_0053_FC:3:1:8284:1410#0	1
ILLUMINA-075005_0053_FC:3:1:8629:1403#0	1
ILLUMINA-075005_0053_FC:3:1:9155:1409#0	1
ILLUMINA-075005_0053_FC:3:1:9384:1403#0	1
ILLUMINA-075005_0053_FC:3:1:9845:1410#0	1
ILLUMINA-075005_0053_FC:3:1:10570:1405#0	1
ILLUMINA-075005_0053_FC:3:1:10727:1410#0	1
ILLUMINA-075005_0053_FC:3:1:11220:1401#0	1
ILLUMINA-075005_0053_FC:3:1:12000:1403#0	1
ILLUMINA-075005_0053_FC:3:1:12424:1411#0	1
ILLUMINA-075005_0053_FC:3:1:12447:1401#0	1
ILLUMINA-075005_0053_FC:3:1:12560:1406#0	1
ILLUMINA-075005_0053_FC:3:1:12760:1408#0	1
ILLUMINA-075005_0053_FC:3:1:12884:1405#0	1
ILLUMINA-075005_0053_FC:3:1:12985:1410#0	1
ILLUMINA-075005_0053_FC:3:1:13030:1408#0	1
ILLUMINA-075005_0053_FC:3:1:13099:1403#0	1
ILLUMINA-075005_0053_FC:3:1:13324:1405#0	1
ILLUMINA-075005_0053_FC:3:1:13840:1401#0	1
ILLUMINA-075005_0053_FC:3:1:14118:1404#0	1
ILLUMINA-075005_0053_FC:3:1:14225:1401#0	1
ILLUMINA-075005_0053_FC:3:1:14802:1402#0	1
ILLUMINA-075005_0053_FC:3:1:14895:1405#0	1
ILLUMINA-075005_0053_FC:3:1:14971:1400#0	1
ILLUMINA-075005_0053_FC:3:1:15088:1405#0	1
ILLUMINA-075005_0053_FC:3:1:15189:1409#0	1
ILLUMINA-075005_0053_FC:3:1:15526:1411#0	1
ILLUMINA-075005_0053_FC:3:1:15575:1411#0	1
ILLUMINA-075005_0053_FC:3:1:15712:1403#0	1
ILLUMINA-075005_0053_FC:3:1:15810:1403#0	1
ILLUMINA-075005_0053_FC:3:1:15888:1403#0	1
ILLUMINA-075005_0053_FC:3:1:16479:1404#0	1
ILLUMINA-075005_0053_FC:3:1:16594:1408#0	1
ILLUMINA-075005_0053_FC:3:1:16825:1403#0	1
ILLUMINA-075005_0053_FC:3:1:17309:1402#0	1
ILLUMINA-075005_0053_FC:3:1:17632:1406#0	1
ILLUMINA-075005_0053_FC:3:1:17929:1409#0	1
ILLUMINA-075005_0053_FC:3:1:17980:1410#0	1
ILLUMINA-075005_0053_FC:3:1:18180:1403#0	1
ILLUMINA-075005_0053_FC:3:1:18257:1410#0	1
ILLUMINA-075005_0053_FC:3:1:18659:1401#0	1
ILLUMINA-075005_0053_FC:3:1:18703:1409#0	1
ILLUMINA-075005_0053_FC:3:1:18976:1407#0	1
ILLUMINA-075005_0053_FC:3:1:19769:1400#0	1
ILLUMINA-075005_0053_FC:3:1:1816:1417#0	1
ILLUMINA-075005_0053_FC:3:1:2120:1418#0	1
ILLUMINA-075005_0053_FC:3:1:2860:1421#0	1
ILLUMINA-075005_0053_FC:3:1:3185:1422#0	1
ILLUMINA-075005_0053_FC:3:1:3222:1415#0	1
ILLUMINA-075005_0053_FC:3:1:3431:1415#0	1
ILLUMINA-075005_0053_FC:3:1:3459:1417#0	1
ILLUMINA-075005_0053_FC:3:1:3603:1419#0	1
ILLUMINA-075005_0053_FC:3:1:5376:1423#0	1
ILLUMINA-075005_0053_FC:3:1:5834:1415#0	1
ILLUMINA-075005_0053_FC:3:1:6193:1413#0	1
ILLUMINA-075005_0053_FC:3:1:6323:1412#0	1
ILLUMINA-075005_0053_FC:3:1:6341:1418#0	1
ILLUMINA-075005_0053_FC:3:1:6665:1416#0	1
ILLUMINA-075005_0053_FC:3:1:7321:1416#0	1
ILLUMINA-075005_0053_FC:3:1:7406:1420#0	1
ILLUMINA-075005_0053_FC:3:1:7784:1415#0	1
ILLUMINA-075005_0053_FC:3:1:7877:1421#0	1
ILLUMINA-075005_0053_FC:3:1:8083:1417#0	1
ILLUMINA-075005_0053_FC:3:1:8677:1418#0	1
ILLUMINA-075005_0053_FC:3:1:8821:1416#0	1
ILLUMINA-075005_0053_FC:3:1:8961:1423#0	1
ILLUMINA-075005_0053_FC:3:1:9121:1415#0	1
ILLUMINA-075005_0053_FC:3:1:9287:1421#0	1
ILLUMINA-075005_0053_FC:3:1:9489:1419#0	1
ILLUMINA-075005_0053_FC:3:1:9515:1417#0	1
ILLUMINA-075005_0053_FC:3:1:9996:1422#0	1
ILLUMINA-075005_0053_FC:3:1:10817:1418#0	1
ILLUMINA-075005_0053_FC:3:1:11190:1421#0	1
ILLUMINA-075005_0053_FC:3:1:11505:1419#0	1
ILLUMINA-075005_0053_FC:3:1:11834:1418#0	1
ILLUMINA-075005_0053_FC:3:1:12133:1417#0	1
ILLUMINA-075005_0053_FC:3:1:12360:1419#0	1
ILLUMINA-075005_0053_FC:3:1:12532:1414#0	1
ILLUMINA-075005_0053_FC:3:1:12626:1414#0	1
ILLUMINA-075005_0053_FC:3:1:13120:1417#0	1
ILLUMINA-075005_0053_FC:3:1:13887:1414#0	1
ILLUMINA-075005_0053_FC:3:1:14232:1423#0	1
ILLUMINA-075005_0053_FC:3:1:14646:1422#0	1
ILLUMINA-075005_0053_FC:3:1:14852:1423#0	1
ILLUMINA-075005_0053_FC:3:1:15836:1412#0	1
ILLUMINA-075005_0053_FC:3:1:15992:1416#0	1
ILLUMINA-075005_0053_FC:3:1:16144:1413#0	1
ILLUMINA-075005_0053_FC:3:1:16209:1421#0	1
ILLUMINA-075005_0053_FC:3:1:16396:1415#0	1
ILLUMINA-075005_0053_FC:3:1:16740:1421#0	1
ILLUMINA-075005_0053_FC:3:1:16843:1415#0	1
ILLUMINA-075005_0053_FC:3:1:17666:1423#0	1
ILLUMINA-075005_0053_FC:3:1:17830:1416#0	1
ILLUMINA-075005_0053_FC:3:1:17879:1416#0	1
ILLUMINA-075005_0053_FC:3:1:18009:1414#0	1
ILLUMINA-075005_0053_FC:3:1:18038:1414#0	1
ILLUMINA-075005_0053_FC:3:1:19177:1423#0	1
ILLUMINA-075005_0053_FC:3:1:19304:1417#0	1
ILLUMINA-075005_0053_FC:3:1:19642:1414#0	1
ILLUMINA-075005_0053_FC:3:1:1296:1429#0	1
ILLUMINA-075005_0053_FC:3:1:1394:1431#0	1
ILLUMINA-075005_0053_FC:3:1:2081:1429#0	1
ILLUMINA-075005_0053_FC:3:1:2194:1425#0	1
ILLUMINA-075005_0053_FC:3:1:3008:1431#0	1
ILLUMINA-075005_0053_FC:3:1:3222:1433#0	1
ILLUMINA-075005_0053_FC:3:1:3774:1423#0	1
ILLUMINA-075005_0053_FC:3:1:3842:1430#0	1
ILLUMINA-075005_0053_FC:3:1:4068:1426#0	1
ILLUMINA-075005_0053_FC:3:1:4108:1428#0	1
ILLUMINA-075005_0053_FC:3:1:4355:1435#0	1
ILLUMINA-075005_0053_FC:3:1:4411:1432#0	1
ILLUMINA-075005_0053_FC:3:1:4532:1434#0	1
ILLUMINA-075005_0053_FC:3:1:4669:1428#0	1
ILLUMINA-075005_0053_FC:3:1:5331:1431#0	1
ILLUMINA-075005_0053_FC:3:1:5443:1434#0	1
ILLUMINA-075005_0053_FC:3:1:5603:1427#0	1
ILLUMINA-075005_0053_FC:3:1:6154:1429#0	1
ILLUMINA-075005_0053_FC:3:1:6264:1430#0	1
ILLUMINA-075005_0053_FC:3:1:6754:1432#0	1
ILLUMINA-075005_0053_FC:3:1:7192:1434#0	1
ILLUMINA-075005_0053_FC:3:1:7509:1425#0	1
ILLUMINA-075005_0053_FC:3:1:7581:1424#0	1
ILLUMINA-075005_0053_FC:3:1:7913:1434#0	1
ILLUMINA-075005_0053_FC:3:1:8863:1435#0	1
ILLUMINA-075005_0053_FC:3:1:9103:1434#0	1
ILLUMINA-075005_0053_FC:3:1:9247:1430#0	1
ILLUMINA-075005_0053_FC:3:1:9557:1434#0	1
ILLUMINA-075005_0053_FC:3:1:9690:1429#0	1
ILLUMINA-075005_0053_FC:3:1:10442:1432#0	1
ILLUMINA-075005_0053_FC:3:1:10736:1428#0	1
ILLUMINA-075005_0053_FC:3:1:11105:1428#0	1
ILLUMINA-075005_0053_FC:3:1:11431:1434#0	1
ILLUMINA-075005_0053_FC:3:1:11553:1432#0	1
ILLUMINA-075005_0053_FC:3:1:12378:1429#0	1
ILLUMINA-075005_0053_FC:3:1:12497:1430#0	1
ILLUMINA-075005_0053_FC:3:1:12973:1432#0	1
ILLUMINA-075005_0053_FC:3:1:13158:1425#0	1
ILLUMINA-075005_0053_FC:3:1:14378:1432#0	1
ILLUMINA-075005_0053_FC:3:1:14761:1427#0	1
ILLUMINA-075005_0053_FC:3:1:14809:1432#0	1
ILLUMINA-075005_0053_FC:3:1:15440:1430#0	1
ILLUMINA-075005_0053_FC:3:1:15697:1425#0	1
ILLUMINA-075005_0053_FC:3:1:16113:1427#0	1
ILLUMINA-075005_0053_FC:3:1:16494:1426#0	1
ILLUMINA-075005_0053_FC:3:1:16525:1426#0	1
ILLUMINA-075005_0053_FC:3:1:16688:1433#0	1
ILLUMINA-075005_0053_FC:3:1:17058:1425#0	1
ILLUMINA-075005_0053_FC:3:1:17233:1430#0	1
ILLUMINA-075005_0053_FC:3:1:17256:1431#0	1
ILLUMINA-075005_0053_FC:3:1:17280:1424#0	1
ILLUMINA-075005_0053_FC:3:1:17444:1427#0	1
ILLUMINA-075005_0053_FC:3:1:17747:1434#0	1
ILLUMINA-075005_0053_FC:3:1:17853:1430#0	1
ILLUMINA-075005_0053_FC:3:1:18684:1431#0	1
ILLUMINA-075005_0053_FC:3:1:18797:1427#0	1
ILLUMINA-075005_0053_FC:3:1:18964:1428#0	1
ILLUMINA-075005_0053_FC:3:1:19400:1429#0	1
ILLUMINA-075005_0053_FC:3:1:2137:1438#0	1
ILLUMINA-075005_0053_FC:3:1:3242:1445#0	1
ILLUMINA-075005_0053_FC:3:1:3292:1439#0	1
ILLUMINA-075005_0053_FC:3:1:4375:1441#0	1
ILLUMINA-075005_0053_FC:3:1:4497:1443#0	1
ILLUMINA-075005_0053_FC:3:1:4793:1437#0	1
ILLUMINA-075005_0053_FC:3:1:5053:1443#0	1
ILLUMINA-075005_0053_FC:3:1:5085:1440#0	1
ILLUMINA-075005_0053_FC:3:1:5354:1445#0	1
ILLUMINA-075005_0053_FC:3:1:5640:1445#0	1
ILLUMINA-075005_0053_FC:3:1:5736:1442#0	1
ILLUMINA-075005_0053_FC:3:1:6060:1443#0	1
ILLUMINA-075005_0053_FC:3:1:6534:1437#0	1
ILLUMINA-075005_0053_FC:3:1:7293:1440#0	1
ILLUMINA-075005_0053_FC:3:1:7352:1440#0	1
ILLUMINA-075005_0053_FC:3:1:7809:1435#0	1
ILLUMINA-075005_0053_FC:3:1:8029:1441#0	1
ILLUMINA-075005_0053_FC:3:1:8712:1436#0	1
ILLUMINA-075005_0053_FC:3:1:9192:1441#0	1
ILLUMINA-075005_0053_FC:3:1:9286:1445#0	1
ILLUMINA-075005_0053_FC:3:1:9939:1444#0	1
ILLUMINA-075005_0053_FC:3:1:10503:1445#0	1
ILLUMINA-075005_0053_FC:3:1:10580:1444#0	1
ILLUMINA-075005_0053_FC:3:1:10914:1441#0	1
ILLUMINA-075005_0053_FC:3:1:12353:1439#0	1
ILLUMINA-075005_0053_FC:3:1:12437:1440#0	1
ILLUMINA-075005_0053_FC:3:1:12524:1439#0	1
ILLUMINA-075005_0053_FC:3:1:13652:1441#0	1
ILLUMINA-075005_0053_FC:3:1:13770:1437#0	1
ILLUMINA-075005_0053_FC:3:1:13993:1435#0	1
ILLUMINA-075005_0053_FC:3:1:14081:1440#0	1
ILLUMINA-075005_0053_FC:3:1:14215:1444#0	1
ILLUMINA-075005_0053_FC:3:1:14255:1441#0	1
ILLUMINA-075005_0053_FC:3:1:14460:1445#0	1
ILLUMINA-075005_0053_FC:3:1:15007:1439#0	1
ILLUMINA-075005_0053_FC:3:1:15471:1445#0	1
ILLUMINA-075005_0053_FC:3:1:16094:1446#0	1
ILLUMINA-075005_0053_FC:3:1:16276:1437#0	1
ILLUMINA-075005_0053_FC:3:1:16297:1436#0	1
ILLUMINA-075005_0053_FC:3:1:16923:1441#0	1
ILLUMINA-075005_0053_FC:3:1:17186:1446#0	1
ILLUMINA-075005_0053_FC:3:1:17704:1442#0	1
ILLUMINA-075005_0053_FC:3:1:18303:1440#0	1
ILLUMINA-075005_0053_FC:3:1:18370:1446#0	1
ILLUMINA-075005_0053_FC:3:1:18576:1439#0	1
ILLUMINA-075005_0053_FC:3:1:19282:1444#0	1
ILLUMINA-075005_0053_FC:3:1:19648:1436#0	1
ILLUMINA-075005_0053_FC:3:1:1111:1449#0	1
ILLUMINA-075005_0053_FC:3:1:1340:1447#0	1
ILLUMINA-075005_0053_FC:3:1:1371:1457#0	1
ILLUMINA-075005_0053_FC:3:1:1506:1450#0	1
ILLUMINA-075005_0053_FC:3:1:1755:1448#0	1
ILLUMINA-075005_0053_FC:3:1:1986:1456#0	1
ILLUMINA-075005_0053_FC:3:1:2041:1457#0	1
ILLUMINA-075005_0053_FC:3:1:2370:1448#0	1
ILLUMINA-075005_0053_FC:3:1:2771:1456#0	1
ILLUMINA-075005_0053_FC:3:1:2907:1449#0	1
ILLUMINA-075005_0053_FC:3:1:2962:1449#0	1
ILLUMINA-075005_0053_FC:3:1:3179:1458#0	1
ILLUMINA-075005_0053_FC:3:1:3575:1451#0	1
ILLUMINA-075005_0053_FC:3:1:4836:1454#0	1
ILLUMINA-075005_0053_FC:3:1:5068:1451#0	1
ILLUMINA-075005_0053_FC:3:1:5096:1455#0	1
ILLUMINA-075005_0053_FC:3:1:5268:1450#0	1
ILLUMINA-075005_0053_FC:3:1:5608:1450#0	1
ILLUMINA-075005_0053_FC:3:1:5872:1455#0	1
ILLUMINA-075005_0053_FC:3:1:6150:1457#0	1
ILLUMINA-075005_0053_FC:3:1:7233:1448#0	1
ILLUMINA-075005_0053_FC:3:1:7460:1453#0	1
ILLUMINA-075005_0053_FC:3:1:7577:1451#0	1
ILLUMINA-075005_0053_FC:3:1:8227:1455#0	1
ILLUMINA-075005_0053_FC:3:1:8317:1449#0	1
ILLUMINA-075005_0053_FC:3:1:9015:1448#0	1
ILLUMINA-075005_0053_FC:3:1:9225:1448#0	1
